const unsigned char g_tcn_model_data[] __attribute__((aligned(16))) = {
  0x20, 0x00, 0x00, 0x00, 0x54, 0x46, 0x4c, 0x33, 0x00, 0x00, 0x00, 0x00,
  0x14, 0x00, 0x20, 0x00, 0x1c, 0x00, 0x18, 0x00, 0x14, 0x00, 0x10, 0x00,
  0x0c, 0x00, 0x00, 0x00, 0x08, 0x00, 0x04, 0x00, 0x14, 0x00, 0x00, 0x00,
  0x1c, 0x00, 0x00, 0x00, 0x80, 0x00, 0x00, 0x00, 0xd8, 0x00, 0x00, 0x00,
  0xc8, 0x30, 0x00, 0x00, 0xd8, 0x30, 0x00, 0x00, 0xcc, 0x72, 0x00, 0x00,
  0x03, 0x00, 0x00, 0x00, 0x01, 0x00, 0x00, 0x00, 0x04, 0x00, 0x00, 0x00,
  0x6a, 0xc6, 0xff, 0xff, 0x0c, 0x00, 0x00, 0x00, 0x1c, 0x00, 0x00, 0x00,
  0x38, 0x00, 0x00, 0x00, 0x0f, 0x00, 0x00, 0x00, 0x73, 0x65, 0x72, 0x76,
  0x69, 0x6e, 0x67, 0x5f, 0x64, 0x65, 0x66, 0x61, 0x75, 0x6c, 0x74, 0x00,
  0x01, 0x00, 0x00, 0x00, 0x04, 0x00, 0x00, 0x00, 0x9c, 0xff, 0xff, 0xff,
  0x4d, 0x00, 0x00, 0x00, 0x04, 0x00, 0x00, 0x00, 0x05, 0x00, 0x00, 0x00,
  0x64, 0x65, 0x6e, 0x73, 0x65, 0x00, 0x00, 0x00, 0x01, 0x00, 0x00, 0x00,
  0x04, 0x00, 0x00, 0x00, 0xba, 0xcf, 0xff, 0xff, 0x04, 0x00, 0x00, 0x00,
  0x07, 0x00, 0x00, 0x00, 0x69, 0x6e, 0x70, 0x75, 0x74, 0x5f, 0x31, 0x00,
  0x02, 0x00, 0x00, 0x00, 0x34, 0x00, 0x00, 0x00, 0x04, 0x00, 0x00, 0x00,
  0xdc, 0xff, 0xff, 0xff, 0x50, 0x00, 0x00, 0x00, 0x04, 0x00, 0x00, 0x00,
  0x13, 0x00, 0x00, 0x00, 0x43, 0x4f, 0x4e, 0x56, 0x45, 0x52, 0x53, 0x49,
  0x4f, 0x4e, 0x5f, 0x4d, 0x45, 0x54, 0x41, 0x44, 0x41, 0x54, 0x41, 0x00,
  0x08, 0x00, 0x0c, 0x00, 0x08, 0x00, 0x04, 0x00, 0x08, 0x00, 0x00, 0x00,
  0x4f, 0x00, 0x00, 0x00, 0x04, 0x00, 0x00, 0x00, 0x13, 0x00, 0x00, 0x00,
  0x6d, 0x69, 0x6e, 0x5f, 0x72, 0x75, 0x6e, 0x74, 0x69, 0x6d, 0x65, 0x5f,
  0x76, 0x65, 0x72, 0x73, 0x69, 0x6f, 0x6e, 0x00, 0x51, 0x00, 0x00, 0x00,
  0xec, 0x2f, 0x00, 0x00, 0xe4, 0x2f, 0x00, 0x00, 0xd0, 0x2f, 0x00, 0x00,
  0xac, 0x2f, 0x00, 0x00, 0x84, 0x2f, 0x00, 0x00, 0x5c, 0x2f, 0x00, 0x00,
  0x48, 0x2f, 0x00, 0x00, 0x30, 0x2f, 0x00, 0x00, 0x14, 0x2f, 0x00, 0x00,
  0xec, 0x2e, 0x00, 0x00, 0xd8, 0x2e, 0x00, 0x00, 0xbc, 0x2e, 0x00, 0x00,
  0xa0, 0x2e, 0x00, 0x00, 0x84, 0x2e, 0x00, 0x00, 0x68, 0x2e, 0x00, 0x00,
  0x54, 0x2e, 0x00, 0x00, 0x2c, 0x2e, 0x00, 0x00, 0x04, 0x2e, 0x00, 0x00,
  0x34, 0x27, 0x00, 0x00, 0x0c, 0x27, 0x00, 0x00, 0x3c, 0x20, 0x00, 0x00,
  0x14, 0x20, 0x00, 0x00, 0x44, 0x19, 0x00, 0x00, 0x1c, 0x19, 0x00, 0x00,
  0xac, 0x18, 0x00, 0x00, 0xa4, 0x18, 0x00, 0x00, 0x9c, 0x18, 0x00, 0x00,
  0x94, 0x18, 0x00, 0x00, 0xc4, 0x11, 0x00, 0x00, 0x54, 0x11, 0x00, 0x00,
  0x84, 0x0a, 0x00, 0x00, 0x14, 0x0a, 0x00, 0x00, 0x44, 0x03, 0x00, 0x00,
  0xd4, 0x02, 0x00, 0x00, 0xec, 0x01, 0x00, 0x00, 0xe4, 0x01, 0x00, 0x00,
  0xdc, 0x01, 0x00, 0x00, 0xd4, 0x01, 0x00, 0x00, 0xcc, 0x01, 0x00, 0x00,
  0xc4, 0x01, 0x00, 0x00, 0xbc, 0x01, 0x00, 0x00, 0xb4, 0x01, 0x00, 0x00,
  0xac, 0x01, 0x00, 0x00, 0xa4, 0x01, 0x00, 0x00, 0x9c, 0x01, 0x00, 0x00,
  0x94, 0x01, 0x00, 0x00, 0x8c, 0x01, 0x00, 0x00, 0x84, 0x01, 0x00, 0x00,
  0x7c, 0x01, 0x00, 0x00, 0x74, 0x01, 0x00, 0x00, 0x6c, 0x01, 0x00, 0x00,
  0x64, 0x01, 0x00, 0x00, 0x5c, 0x01, 0x00, 0x00, 0x54, 0x01, 0x00, 0x00,
  0x4c, 0x01, 0x00, 0x00, 0x44, 0x01, 0x00, 0x00, 0x3c, 0x01, 0x00, 0x00,
  0x34, 0x01, 0x00, 0x00, 0x2c, 0x01, 0x00, 0x00, 0x24, 0x01, 0x00, 0x00,
  0x1c, 0x01, 0x00, 0x00, 0x14, 0x01, 0x00, 0x00, 0x0c, 0x01, 0x00, 0x00,
  0x04, 0x01, 0x00, 0x00, 0xfc, 0x00, 0x00, 0x00, 0xf4, 0x00, 0x00, 0x00,
  0xec, 0x00, 0x00, 0x00, 0xe4, 0x00, 0x00, 0x00, 0xdc, 0x00, 0x00, 0x00,
  0xd4, 0x00, 0x00, 0x00, 0xcc, 0x00, 0x00, 0x00, 0xc4, 0x00, 0x00, 0x00,
  0xbc, 0x00, 0x00, 0x00, 0xb4, 0x00, 0x00, 0x00, 0xac, 0x00, 0x00, 0x00,
  0xa4, 0x00, 0x00, 0x00, 0x9c, 0x00, 0x00, 0x00, 0x94, 0x00, 0x00, 0x00,
  0x8c, 0x00, 0x00, 0x00, 0x6c, 0x00, 0x00, 0x00, 0x04, 0x00, 0x00, 0x00,
  0x72, 0xd1, 0xff, 0xff, 0x04, 0x00, 0x00, 0x00, 0x58, 0x00, 0x00, 0x00,
  0x0c, 0x00, 0x00, 0x00, 0x08, 0x00, 0x0e, 0x00, 0x08, 0x00, 0x04, 0x00,
  0x08, 0x00, 0x00, 0x00, 0x10, 0x00, 0x00, 0x00, 0x28, 0x00, 0x00, 0x00,
  0x00, 0x00, 0x06, 0x00, 0x08, 0x00, 0x04, 0x00, 0x06, 0x00, 0x00, 0x00,
  0x04, 0x00, 0x00, 0x00, 0x01, 0x00, 0x00, 0x00, 0xeb, 0x03, 0x00, 0x00,
  0x00, 0x00, 0x0a, 0x00, 0x10, 0x00, 0x0c, 0x00, 0x08, 0x00, 0x04, 0x00,
  0x0a, 0x00, 0x00, 0x00, 0x02, 0x00, 0x00, 0x00, 0x02, 0x00, 0x00, 0x00,
  0x04, 0x00, 0x00, 0x00, 0x06, 0x00, 0x00, 0x00, 0x32, 0x2e, 0x31, 0x35,
  0x2e, 0x30, 0x00, 0x00, 0xd6, 0xd1, 0xff, 0xff, 0x04, 0x00, 0x00, 0x00,
  0x10, 0x00, 0x00, 0x00, 0x32, 0x2e, 0x33, 0x2e, 0x30, 0x00, 0x00, 0x00,
  0x00, 0x00, 0x00, 0x00, 0x00, 0x00, 0x00, 0x00, 0xa4, 0x90, 0xff, 0xff,
  0xa8, 0x90, 0xff, 0xff, 0xac, 0x90, 0xff, 0xff, 0xb0, 0x90, 0xff, 0xff,
  0xb4, 0x90, 0xff, 0xff, 0xb8, 0x90, 0xff, 0xff, 0xbc, 0x90, 0xff, 0xff,
  0xc0, 0x90, 0xff, 0xff, 0xc4, 0x90, 0xff, 0xff, 0xc8, 0x90, 0xff, 0xff,
  0xcc, 0x90, 0xff, 0xff, 0xd0, 0x90, 0xff, 0xff, 0xd4, 0x90, 0xff, 0xff,
  0xd8, 0x90, 0xff, 0xff, 0xdc, 0x90, 0xff, 0xff, 0xe0, 0x90, 0xff, 0xff,
  0xe4, 0x90, 0xff, 0xff, 0xe8, 0x90, 0xff, 0xff, 0xec, 0x90, 0xff, 0xff,
  0xf0, 0x90, 0xff, 0xff, 0xf4, 0x90, 0xff, 0xff, 0xf8, 0x90, 0xff, 0xff,
  0xfc, 0x90, 0xff, 0xff, 0x00, 0x91, 0xff, 0xff, 0x04, 0x91, 0xff, 0xff,
  0x08, 0x91, 0xff, 0xff, 0x0c, 0x91, 0xff, 0xff, 0x10, 0x91, 0xff, 0xff,
  0x14, 0x91, 0xff, 0xff, 0x18, 0x91, 0xff, 0xff, 0x1c, 0x91, 0xff, 0xff,
  0x20, 0x91, 0xff, 0xff, 0x24, 0x91, 0xff, 0xff, 0x28, 0x91, 0xff, 0xff,
  0x2c, 0x91, 0xff, 0xff, 0x30, 0x91, 0xff, 0xff, 0x34, 0x91, 0xff, 0xff,
  0x38, 0x91, 0xff, 0xff, 0x3c, 0x91, 0xff, 0xff, 0x40, 0x91, 0xff, 0xff,
  0x44, 0x91, 0xff, 0xff, 0x48, 0x91, 0xff, 0xff, 0x4c, 0x91, 0xff, 0xff,
  0x50, 0x91, 0xff, 0xff, 0xa2, 0xd2, 0xff, 0xff, 0x04, 0x00, 0x00, 0x00,
  0xd8, 0x00, 0x00, 0x00, 0x14, 0x7f, 0x10, 0xfe, 0xb7, 0xc0, 0xaa, 0xd9,
  0x38, 0xcd, 0x2c, 0xf6, 0x35, 0x0a, 0xd0, 0x81, 0x8c, 0x9d, 0x72, 0xdb,
  0x63, 0x7f, 0x3b, 0xa4, 0xe7, 0xbc, 0x49, 0xd9, 0x7f, 0x43, 0x5e, 0x30,
  0xf4, 0xad, 0x09, 0xa5, 0x81, 0xc7, 0x98, 0xb0, 0x55, 0x21, 0x0c, 0xfd,
  0x31, 0x96, 0xd1, 0xb2, 0x49, 0x38, 0x0b, 0x7f, 0x59, 0xc8, 0xbb, 0xbd,
  0xbd, 0xe7, 0x8f, 0xae, 0xa0, 0x81, 0x73, 0xd5, 0xbe, 0x73, 0xb6, 0xef,
  0x70, 0x81, 0x5c, 0x7a, 0xc1, 0x19, 0xed, 0x85, 0x7f, 0x30, 0xbd, 0xf4,
  0xfb, 0xae, 0x4c, 0x5f, 0xd9, 0xeb, 0x67, 0x7f, 0x87, 0xb3, 0x81, 0x2c,
  0xe0, 0x1d, 0xfe, 0xc9, 0xe3, 0xcf, 0xc5, 0x6c, 0xb0, 0x25, 0xd1, 0x79,
  0x93, 0xdc, 0xb5, 0x7f, 0xf9, 0xe8, 0x0a, 0x8f, 0xe3, 0x43, 0xfe, 0x7f,
  0x51, 0xd9, 0xb2, 0xe4, 0x47, 0x7e, 0xd1, 0x7f, 0x71, 0x29, 0x9d, 0xa8,
  0xa7, 0x24, 0x7e, 0x08, 0x3b, 0x19, 0x7f, 0x1f, 0xda, 0xc1, 0xa2, 0xcb,
  0x21, 0x2b, 0x81, 0xc1, 0x21, 0xd5, 0xed, 0x01, 0x77, 0xbe, 0x3a, 0x81,
  0x4c, 0x37, 0x5d, 0x31, 0x3e, 0x27, 0xba, 0x81, 0x6d, 0x2d, 0x91, 0x7f,
  0x5f, 0x63, 0x64, 0xf0, 0x07, 0x9f, 0x54, 0xda, 0xdc, 0xf9, 0xeb, 0x3a,
  0xca, 0x9e, 0x81, 0xa7, 0x05, 0x42, 0xff, 0x0f, 0xa0, 0x17, 0x74, 0x7f,
  0xee, 0xbb, 0x92, 0xb2, 0x59, 0x98, 0xa2, 0x81, 0x43, 0x31, 0xc6, 0xea,
  0x8d, 0x50, 0x7f, 0xe4, 0x89, 0xb5, 0xb8, 0x72, 0xc7, 0x96, 0xd1, 0x35,
  0xd8, 0x81, 0xb7, 0x21, 0x86, 0xd3, 0xff, 0xff, 0x04, 0x00, 0x00, 0x00,
  0x60, 0x00, 0x00, 0x00, 0xaa, 0x02, 0x00, 0x00, 0x0b, 0x02, 0x00, 0x00,
  0xfb, 0xfd, 0xff, 0xff, 0xc5, 0xf8, 0xff, 0xff, 0xe1, 0x03, 0x00, 0x00,
  0x46, 0x0c, 0x00, 0x00, 0xca, 0x0b, 0x00, 0x00, 0x5c, 0xf9, 0xff, 0xff,
  0x60, 0x16, 0x00, 0x00, 0xc0, 0xf4, 0xff, 0xff, 0x06, 0x11, 0x00, 0x00,
  0x61, 0xf6, 0xff, 0xff, 0x7f, 0xff, 0xff, 0xff, 0x1c, 0xf7, 0xff, 0xff,
  0xaf, 0x01, 0x00, 0x00, 0xfa, 0x06, 0x00, 0x00, 0xb4, 0xf8, 0xff, 0xff,
  0xb1, 0xfc, 0xff, 0xff, 0xf8, 0xf5, 0xff, 0xff, 0xbf, 0xef, 0xff, 0xff,
  0x55, 0x04, 0x00, 0x00, 0xda, 0x03, 0x00, 0x00, 0x1e, 0x09, 0x00, 0x00,
  0x23, 0xf9, 0xff, 0xff, 0xf2, 0xd3, 0xff, 0xff, 0x04, 0x00, 0x00, 0x00,
  0xc0, 0x06, 0x00, 0x00, 0x3b, 0x41, 0x5e, 0x4d, 0xf2, 0x99, 0xdc, 0x94,
  0x3a, 0x63, 0x23, 0xed, 0xfa, 0x0f, 0x9c, 0x00, 0xee, 0xe4, 0xad, 0xe0,
  0x56, 0x29, 0x1d, 0x65, 0xee, 0x9c, 0xda, 0x24, 0x02, 0xb8, 0x33, 0xdd,
  0xef, 0xfe, 0x18, 0xd2, 0x58, 0xac, 0x12, 0x20, 0xfd, 0x94, 0xf9, 0x34,
  0x68, 0xe4, 0x32, 0x56, 0xc8, 0x18, 0xc7, 0x26, 0x7f, 0x40, 0x7b, 0x2b,
  0xbf, 0xcd, 0x47, 0xce, 0x2f, 0x0b, 0x38, 0x5c, 0x15, 0x0e, 0xde, 0x44,
  0x4b, 0xd3, 0xd1, 0x12, 0x24, 0x6f, 0xce, 0xb1, 0x97, 0x2f, 0xaf, 0x74,
  0xcc, 0xaa, 0x69, 0x3e, 0xa8, 0x69, 0x5e, 0x74, 0x92, 0x76, 0x68, 0x1c,
  0x5e, 0x3e, 0x3c, 0x2c, 0x2e, 0xde, 0xef, 0x31, 0x66, 0x61, 0x28, 0x8e,
  0xa2, 0xf7, 0x44, 0xeb, 0xd7, 0x9f, 0x15, 0xb0, 0x8d, 0xa9, 0xd3, 0x60,
  0xcb, 0x54, 0xcd, 0x6d, 0x54, 0xaf, 0x6a, 0xd0, 0x0e, 0x22, 0x2f, 0x60,
  0x1d, 0x8b, 0x67, 0x6f, 0x7f, 0xa0, 0xca, 0x7d, 0x22, 0xd5, 0x3f, 0x10,
  0x1d, 0xf7, 0xe9, 0x3d, 0x36, 0x39, 0xfb, 0x1c, 0xa0, 0x9f, 0x19, 0x4a,
  0x07, 0xbe, 0x4d, 0xe7, 0x41, 0x59, 0xc6, 0x46, 0xbd, 0xb3, 0xfe, 0xe9,
  0xd2, 0x03, 0x4e, 0x33, 0x1d, 0x25, 0xab, 0x0c, 0xf5, 0xd1, 0x51, 0xe5,
  0xb2, 0x58, 0x28, 0x5a, 0x11, 0x24, 0x95, 0x5f, 0x4e, 0x34, 0x1b, 0x26,
  0xbf, 0xf1, 0xc6, 0x09, 0x62, 0x2e, 0xec, 0xce, 0xb0, 0x4c, 0x23, 0x09,
  0x81, 0xf7, 0xad, 0x98, 0xd1, 0x25, 0x55, 0x06, 0x2f, 0x23, 0x44, 0x01,
  0x04, 0xe7, 0xea, 0x34, 0x0e, 0x0b, 0xce, 0x03, 0xb1, 0x5a, 0xe1, 0xe8,
  0xc3, 0x8d, 0xd0, 0xa3, 0x46, 0x53, 0x09, 0x23, 0x3b, 0xbe, 0x08, 0x12,
  0xde, 0x45, 0xb0, 0x29, 0xb3, 0xa2, 0xf5, 0xac, 0x26, 0xea, 0xba, 0x30,
  0xf8, 0xf6, 0x0e, 0x63, 0x4c, 0xb4, 0x06, 0x71, 0xa1, 0xc2, 0x2a, 0x48,
  0x9f, 0xb7, 0xaa, 0x6d, 0x14, 0x46, 0x44, 0x96, 0xb3, 0x93, 0xb9, 0x0a,
  0x96, 0x4c, 0x46, 0x41, 0x07, 0xfd, 0xab, 0xca, 0x94, 0xd5, 0x96, 0x12,
  0x81, 0xb8, 0xd2, 0xc2, 0xde, 0x35, 0xd8, 0x6a, 0x44, 0xa5, 0x3f, 0xe2,
  0x82, 0xce, 0x64, 0xe8, 0xe9, 0x15, 0xd8, 0x50, 0x1d, 0x65, 0xeb, 0x0d,
  0x70, 0x15, 0x16, 0xc3, 0x40, 0x43, 0x53, 0xb9, 0x6c, 0x07, 0x20, 0xdf,
  0x16, 0x9f, 0x62, 0xd1, 0xd8, 0xe7, 0x04, 0x5a, 0x7d, 0x4e, 0x81, 0xb1,
  0xba, 0x60, 0x61, 0xed, 0xd5, 0xa6, 0xae, 0x9e, 0x5e, 0x1e, 0x2d, 0x78,
  0x40, 0xcc, 0xa5, 0xb2, 0x9d, 0x68, 0x99, 0xf7, 0xec, 0xc2, 0x34, 0x66,
  0x0f, 0x6a, 0x4f, 0x05, 0x5b, 0x60, 0x5d, 0x5b, 0xf2, 0x8f, 0x78, 0xcc,
  0x5c, 0x1a, 0x05, 0x23, 0x9e, 0x2d, 0xc7, 0x01, 0x5c, 0xb2, 0xf5, 0xd9,
  0x82, 0x7d, 0xd6, 0xff, 0x79, 0x55, 0x9f, 0x81, 0x92, 0xb4, 0x25, 0xbf,
  0x39, 0xf5, 0xac, 0xb7, 0xfc, 0x39, 0x3f, 0x03, 0x9e, 0x23, 0xbf, 0x77,
  0x1a, 0xf3, 0x4b, 0xd3, 0x00, 0x0c, 0x0f, 0x5c, 0x7a, 0x0e, 0x78, 0xac,
  0xed, 0x3f, 0xb0, 0xbe, 0x6b, 0x47, 0x06, 0x54, 0xf0, 0x55, 0x8e, 0xcb,
  0xb3, 0x05, 0x56, 0x22, 0x0f, 0xb1, 0x98, 0x33, 0x27, 0x15, 0xa5, 0xcc,
  0x2a, 0xd5, 0x21, 0x08, 0x3d, 0x25, 0x82, 0xef, 0x4f, 0x48, 0x20, 0xe7,
  0x0d, 0x35, 0x0c, 0x45, 0x31, 0x26, 0xd4, 0xde, 0x10, 0x53, 0x41, 0xb6,
  0xe7, 0x8a, 0x7f, 0x16, 0x4b, 0x84, 0x54, 0x3b, 0xa0, 0x24, 0x18, 0x19,
  0xce, 0x6e, 0x4f, 0xb4, 0x73, 0xd0, 0xa2, 0x2b, 0x0c, 0x16, 0xd5, 0x45,
  0x77, 0xb5, 0xb7, 0xcd, 0xdf, 0xc7, 0x04, 0xef, 0xfb, 0xbd, 0xae, 0xe6,
  0x5d, 0xc4, 0x4e, 0x0f, 0x1b, 0xf9, 0xca, 0x52, 0x2c, 0x53, 0x69, 0xb1,
  0xfe, 0x02, 0x55, 0x28, 0x61, 0xeb, 0x44, 0x37, 0xf8, 0x1b, 0x07, 0xab,
  0xe4, 0x14, 0xb7, 0x46, 0xcf, 0xee, 0xf8, 0x32, 0x2c, 0xd5, 0x29, 0x5f,
  0xd2, 0x5e, 0x56, 0xa4, 0x40, 0x3a, 0xd3, 0x06, 0xe3, 0xa5, 0xff, 0xdf,
  0x24, 0x13, 0x45, 0x05, 0x47, 0x7f, 0xfc, 0xf4, 0xca, 0x29, 0xf7, 0x17,
  0x86, 0x9e, 0xfd, 0xbc, 0x3c, 0xb3, 0xad, 0xfc, 0x7c, 0xab, 0x39, 0xf8,
  0xf3, 0x20, 0x5f, 0x5a, 0x4f, 0xf1, 0x1f, 0xa0, 0xf3, 0xe0, 0xa4, 0x48,
  0xad, 0x3a, 0x01, 0xd0, 0x0e, 0x13, 0xe1, 0xca, 0xd0, 0xf3, 0x1c, 0x3a,
  0x36, 0x03, 0xc6, 0xec, 0xe1, 0x16, 0xef, 0x35, 0x2a, 0xed, 0x0b, 0x1c,
  0x81, 0x4f, 0x2f, 0x2c, 0x13, 0x0b, 0x06, 0x66, 0x20, 0x53, 0xd6, 0x4c,
  0x9c, 0xc4, 0x32, 0x10, 0x23, 0xcc, 0x4d, 0x4b, 0x47, 0x32, 0xe1, 0xef,
  0xb9, 0xae, 0xb2, 0xa7, 0x13, 0x14, 0xd2, 0x33, 0xdb, 0xdf, 0x5f, 0x7d,
  0x15, 0x51, 0x4b, 0xc9, 0x03, 0xba, 0x30, 0x23, 0xe3, 0x18, 0x72, 0x45,
  0x34, 0xa8, 0xd8, 0x03, 0x98, 0x13, 0xb0, 0xd5, 0x32, 0xab, 0x4b, 0xe6,
  0x33, 0x43, 0xd3, 0x63, 0xf0, 0xfd, 0xa2, 0xf9, 0x2c, 0x36, 0xd9, 0x92,
  0x65, 0xaf, 0xbc, 0x3a, 0xc2, 0x04, 0xa6, 0xd1, 0x97, 0xdc, 0xbf, 0x46,
  0xf5, 0xd6, 0xf1, 0xc5, 0x0e, 0x51, 0x9d, 0x06, 0xd7, 0x31, 0x10, 0x81,
  0xe7, 0xa5, 0xd3, 0xba, 0x2e, 0xf8, 0x01, 0xd7, 0x16, 0xee, 0x9e, 0x1d,
  0x14, 0xda, 0xb6, 0x1c, 0xf2, 0x0c, 0x46, 0xe0, 0x10, 0xf1, 0xb6, 0xa5,
  0x0d, 0xbb, 0xc6, 0xe3, 0x19, 0xa5, 0x1c, 0x23, 0xb6, 0x31, 0x4f, 0xfc,
  0x19, 0x72, 0xc4, 0x02, 0xf7, 0x3d, 0x18, 0x0b, 0xd4, 0xa6, 0xde, 0x9a,
  0x01, 0x61, 0x7c, 0x3b, 0x3b, 0xb2, 0x7a, 0x21, 0x64, 0x3b, 0x5b, 0x30,
  0xa8, 0x14, 0xdf, 0x21, 0x1a, 0xb4, 0xc9, 0xd1, 0x66, 0xb4, 0x1a, 0xd2,
  0x1a, 0x38, 0x59, 0x3c, 0x33, 0xd9, 0x38, 0xf8, 0x57, 0x81, 0xe3, 0x21,
  0xb3, 0xc6, 0x7c, 0x20, 0xfe, 0x71, 0x54, 0xb6, 0x4d, 0x8d, 0x97, 0xbc,
  0x1f, 0xe1, 0x34, 0x51, 0xc9, 0x10, 0xf6, 0x2e, 0xd6, 0x44, 0x94, 0x2e,
  0x33, 0xf3, 0x62, 0x26, 0xb4, 0x1d, 0x83, 0xc9, 0xd3, 0x30, 0xde, 0x57,
  0x31, 0x61, 0xae, 0xcc, 0xfe, 0x36, 0x48, 0x8e, 0x15, 0x6d, 0x4c, 0xf3,
  0xf4, 0xa7, 0x75, 0x36, 0xb6, 0x26, 0xc2, 0xa7, 0x3b, 0xbe, 0x0c, 0xf2,
  0xe2, 0x01, 0x7f, 0x8b, 0x52, 0xdb, 0x57, 0xa5, 0xd1, 0xbf, 0x00, 0xa5,
  0x63, 0x8f, 0x1d, 0xe0, 0x66, 0x66, 0x5f, 0xf2, 0x3d, 0x4e, 0xdf, 0x8b,
  0x4b, 0xe0, 0x73, 0xd5, 0x38, 0x5a, 0x2d, 0xc7, 0xc7, 0x72, 0x5b, 0x1d,
  0x4a, 0x89, 0xeb, 0xa1, 0x75, 0x21, 0xea, 0x8f, 0xef, 0xb2, 0x2b, 0x42,
  0xdb, 0x96, 0x62, 0xbc, 0xac, 0x9a, 0xb5, 0x92, 0x94, 0x3b, 0x52, 0x68,
  0xaa, 0xb8, 0x11, 0x48, 0xc0, 0x5c, 0xa2, 0x96, 0xcf, 0x41, 0xeb, 0xb7,
  0x92, 0xb0, 0xbd, 0xbf, 0x78, 0xab, 0xcc, 0x7f, 0x09, 0xad, 0x7b, 0x51,
  0x8d, 0x01, 0x1c, 0x7f, 0xb3, 0xa8, 0xc8, 0x47, 0x13, 0x82, 0x94, 0x67,
  0x97, 0xe1, 0xe0, 0x43, 0xd7, 0xd6, 0xb8, 0x53, 0xa4, 0x90, 0xf3, 0x1c,
  0xe8, 0xbb, 0xae, 0x18, 0xe8, 0xb7, 0x81, 0xf5, 0x3a, 0x0b, 0x3f, 0x3d,
  0xe2, 0x5b, 0x32, 0x58, 0xe3, 0x2a, 0xd4, 0x6f, 0xc9, 0xc2, 0x8b, 0x50,
  0xca, 0x3c, 0x69, 0x75, 0xaf, 0xab, 0xb1, 0x38, 0x9e, 0xe5, 0xce, 0xb9,
  0x81, 0x20, 0x05, 0x82, 0x06, 0xc3, 0xc2, 0x49, 0xfb, 0x01, 0xff, 0xe8,
  0xa4, 0xf6, 0x3a, 0xad, 0xee, 0x4c, 0x25, 0x46, 0x34, 0x32, 0x1e, 0x9a,
  0xb7, 0x59, 0x40, 0xce, 0x87, 0x28, 0x9a, 0xb9, 0x1b, 0x25, 0x13, 0x1b,
  0x45, 0x09, 0xeb, 0x65, 0x6c, 0xb2, 0xd7, 0xa4, 0xd5, 0xb0, 0xc4, 0x3e,
  0xf7, 0xb8, 0xb4, 0xd9, 0xc1, 0x26, 0xa0, 0xd4, 0x5c, 0xd5, 0x5c, 0xb1,
  0x64, 0x07, 0x36, 0xf7, 0xc2, 0x7c, 0xcc, 0x31, 0x32, 0xd7, 0xef, 0x0b,
  0x7f, 0x1f, 0xfb, 0x1c, 0x8c, 0xa6, 0xfe, 0xdf, 0x33, 0x4f, 0xd0, 0x88,
  0xbf, 0x55, 0x08, 0x5d, 0x46, 0xd9, 0xaa, 0x88, 0xf2, 0x46, 0x1a, 0xbd,
  0xf8, 0x94, 0x74, 0x53, 0xc9, 0x13, 0x81, 0x68, 0x98, 0x28, 0x96, 0x7a,
  0x1d, 0xb0, 0xf3, 0xac, 0x4d, 0x1d, 0x8c, 0x3e, 0xb2, 0xf1, 0x7c, 0xd1,
  0xf6, 0x0f, 0xce, 0x4d, 0x34, 0x90, 0xb2, 0x1a, 0xc3, 0x13, 0x5a, 0xb6,
  0x68, 0xa2, 0xba, 0x30, 0x26, 0xb2, 0x90, 0x58, 0x1b, 0x4c, 0x38, 0xeb,
  0x50, 0xad, 0xac, 0xc5, 0xe6, 0x9c, 0xc3, 0xee, 0x1c, 0xbe, 0x26, 0x23,
  0xcb, 0x36, 0xb6, 0xf9, 0x79, 0xf3, 0x4b, 0x3f, 0xd3, 0x20, 0xad, 0xdb,
  0x7f, 0xae, 0x46, 0x4d, 0xe9, 0x3e, 0xb9, 0x5e, 0xe0, 0x16, 0x23, 0x8a,
  0x1b, 0x0f, 0x3d, 0x03, 0xba, 0x25, 0x9a, 0x0a, 0x3e, 0x22, 0x66, 0xfb,
  0x11, 0x10, 0xe7, 0x95, 0x36, 0xd1, 0xdb, 0x4d, 0x9c, 0x6b, 0x26, 0xc6,
  0x1b, 0x57, 0xcc, 0x5d, 0x2a, 0x9d, 0x95, 0xc6, 0x97, 0xcd, 0xb6, 0x9d,
  0x35, 0x30, 0x15, 0xd2, 0x57, 0xfe, 0xda, 0x99, 0x27, 0xba, 0x6d, 0xfe,
  0x18, 0x03, 0xd6, 0xa4, 0xcc, 0x4b, 0xe9, 0x5c, 0x0d, 0x70, 0xe5, 0xbc,
  0xee, 0x4b, 0xf6, 0x24, 0x06, 0xc7, 0xcd, 0x1d, 0x3f, 0x0a, 0xd3, 0x4a,
  0x33, 0xa2, 0xf1, 0x0a, 0xf9, 0x2a, 0xcb, 0x0e, 0xea, 0x7f, 0x3b, 0xd4,
  0xc2, 0x61, 0xf8, 0xc3, 0xd4, 0xd7, 0xbf, 0x31, 0x59, 0x57, 0x1c, 0x69,
  0x9d, 0xfd, 0x4b, 0x33, 0x55, 0xd8, 0x51, 0xea, 0x63, 0xd9, 0xb0, 0x02,
  0xbb, 0xc1, 0x3a, 0x42, 0xe6, 0x3d, 0x62, 0xd3, 0x3a, 0xfa, 0xd8, 0x1d,
  0xdf, 0x50, 0x07, 0x2e, 0xdb, 0xfe, 0x32, 0x1d, 0x17, 0x38, 0x77, 0x5c,
  0xdb, 0x8c, 0xe0, 0x6f, 0x5b, 0x35, 0xc6, 0x34, 0xef, 0xe1, 0x30, 0xb6,
  0xbb, 0x7f, 0x50, 0x93, 0xa8, 0xe8, 0x69, 0xee, 0xb9, 0xbe, 0xf5, 0x00,
  0x24, 0x6a, 0x77, 0x1e, 0x5f, 0xe7, 0xd1, 0x7e, 0x45, 0x94, 0x2a, 0x0e,
  0xd6, 0x38, 0x71, 0x4b, 0x2e, 0xc4, 0x85, 0x9d, 0xdf, 0x2a, 0x5a, 0xf0,
  0x9c, 0xbf, 0x18, 0x4c, 0x38, 0x63, 0x31, 0x9c, 0xbc, 0xf1, 0x87, 0x78,
  0xf2, 0x58, 0xce, 0xc6, 0x02, 0x25, 0xbf, 0x37, 0xfa, 0x31, 0xc1, 0xfe,
  0x44, 0xc4, 0xb0, 0xc2, 0xd9, 0x0e, 0xb2, 0xec, 0x47, 0xf7, 0x1b, 0x9e,
  0x3d, 0xf1, 0x50, 0xc7, 0x3b, 0x3d, 0xb9, 0xdc, 0xf2, 0xf5, 0x37, 0xc7,
  0xd8, 0xc7, 0x02, 0x55, 0x81, 0x9e, 0x9f, 0xb9, 0xce, 0xc1, 0xbe, 0x20,
  0x65, 0xde, 0x15, 0xba, 0x4f, 0x1f, 0x17, 0xd0, 0x3a, 0xcd, 0x56, 0xd3,
  0x29, 0x55, 0x1a, 0xd5, 0xd9, 0x2f, 0xe6, 0xb3, 0x51, 0xb5, 0x51, 0xc0,
  0x56, 0x24, 0xe8, 0x41, 0x8a, 0xd5, 0x9e, 0x54, 0x05, 0x11, 0x66, 0xe0,
  0xf0, 0xe6, 0x64, 0x57, 0x76, 0x1f, 0xc3, 0x50, 0xee, 0x13, 0xbb, 0xb9,
  0x1b, 0xfa, 0x21, 0xb3, 0xe4, 0x64, 0x35, 0x74, 0x9f, 0x62, 0x6c, 0xa5,
  0x9f, 0xd5, 0x69, 0xaf, 0x2b, 0x05, 0xb1, 0x17, 0x0c, 0xdf, 0xf5, 0x46,
  0x0b, 0xd4, 0x1f, 0x48, 0x31, 0xec, 0x4e, 0xf7, 0x69, 0x2c, 0x4e, 0x9f,
  0xee, 0x81, 0x52, 0xde, 0x1e, 0x1b, 0x1b, 0xb6, 0xc7, 0x28, 0xe7, 0xfb,
  0x0f, 0xa9, 0xe9, 0x70, 0xd9, 0x27, 0x02, 0xe0, 0x0c, 0x38, 0x46, 0x01,
  0xeb, 0xa6, 0x17, 0x0d, 0xe1, 0xc7, 0x14, 0xd1, 0x0c, 0x4c, 0x13, 0xe8,
  0xec, 0x19, 0xde, 0xd4, 0xef, 0xee, 0xe4, 0x1b, 0x1e, 0xed, 0x39, 0x41,
  0xba, 0x06, 0xd3, 0xe1, 0xe5, 0xc7, 0x29, 0x05, 0x1c, 0xbc, 0xfe, 0xf6,
  0xd9, 0x1d, 0xff, 0x0a, 0x0b, 0x0a, 0xf1, 0x06, 0xdc, 0xcb, 0x11, 0xfa,
  0x0f, 0x1e, 0xd8, 0xfb, 0x3f, 0xe8, 0xd4, 0x43, 0xed, 0xfb, 0xc5, 0x64,
  0x81, 0xd7, 0xca, 0xe0, 0x16, 0xeb, 0xa9, 0xd4, 0x38, 0xe6, 0x5f, 0xf2,
  0xa7, 0x27, 0x41, 0xd5, 0x65, 0xa3, 0xac, 0xb4, 0x4b, 0xac, 0x88, 0x4f,
  0x5c, 0x0b, 0x73, 0xa2, 0x25, 0xcf, 0xbf, 0xc0, 0x65, 0xf0, 0x19, 0x23,
  0x16, 0x93, 0x74, 0x62, 0x30, 0x5e, 0xe5, 0x48, 0x81, 0xf5, 0x5c, 0x43,
  0x11, 0xfa, 0x70, 0xbd, 0x9d, 0xeb, 0xbc, 0x23, 0x09, 0xaf, 0x15, 0x38,
  0x2e, 0x4b, 0xa7, 0xb0, 0xc5, 0xf0, 0x46, 0x0e, 0x79, 0x43, 0xf3, 0xe9,
  0x1f, 0xa1, 0x69, 0x75, 0x72, 0xc7, 0x36, 0xb7, 0x67, 0x0d, 0xc3, 0x87,
  0xf2, 0xc9, 0x41, 0x1b, 0x39, 0xaa, 0x16, 0xbb, 0xa2, 0xd8, 0x54, 0xb5,
  0x0c, 0x7f, 0xe4, 0xf5, 0xc3, 0xf3, 0x2a, 0x3d, 0x67, 0xcb, 0xc8, 0xcb,
  0x69, 0xe7, 0xb2, 0x8d, 0x26, 0x99, 0x00, 0x28, 0x97, 0x98, 0xca, 0xc3,
  0xdc, 0x66, 0xac, 0xb1, 0xc2, 0xe7, 0x12, 0x2b, 0xee, 0xa8, 0x10, 0xf7,
  0x1f, 0xc2, 0xd3, 0x5a, 0x1b, 0xf9, 0x00, 0x3f, 0x58, 0x03, 0x21, 0x5f,
  0xed, 0x20, 0xe3, 0x21, 0xbe, 0xda, 0xff, 0xff, 0x04, 0x00, 0x00, 0x00,
  0x60, 0x00, 0x00, 0x00, 0x54, 0xef, 0xff, 0xff, 0xfa, 0xf4, 0xff, 0xff,
  0x99, 0xfb, 0xff, 0xff, 0xca, 0xf7, 0xff, 0xff, 0xfb, 0xf2, 0xff, 0xff,
  0x00, 0x00, 0x00, 0x00, 0x85, 0xf3, 0xff, 0xff, 0xb7, 0xef, 0xff, 0xff,
  0x89, 0xfe, 0xff, 0xff, 0x63, 0xf0, 0xff, 0xff, 0x11, 0xf9, 0xff, 0xff,
  0xa4, 0xfd, 0xff, 0xff, 0x00, 0x00, 0x00, 0x00, 0xe9, 0xf8, 0xff, 0xff,
  0x72, 0xf3, 0xff, 0xff, 0x49, 0xf3, 0xff, 0xff, 0x62, 0xff, 0xff, 0xff,
  0x20, 0xff, 0xff, 0xff, 0x4d, 0xf9, 0xff, 0xff, 0xdb, 0xf8, 0xff, 0xff,
  0xf3, 0xf7, 0xff, 0xff, 0x4c, 0xfb, 0xff, 0xff, 0xe1, 0xfe, 0xff, 0xff,
  0x84, 0xef, 0xff, 0xff, 0x2a, 0xdb, 0xff, 0xff, 0x04, 0x00, 0x00, 0x00,
  0xc0, 0x06, 0x00, 0x00, 0x64, 0x6a, 0x0b, 0x43, 0xb3, 0xdb, 0x5e, 0xe7,
  0x81, 0xbc, 0xbb, 0xa1, 0x9b, 0xe0, 0x29, 0xdf, 0x61, 0xbe, 0x6b, 0x5b,
  0x43, 0xb3, 0xd9, 0xd1, 0x5e, 0x32, 0xf4, 0x87, 0x4d, 0x24, 0x55, 0x54,
  0xda, 0xcf, 0xb8, 0x5e, 0x91, 0x21, 0x54, 0x24, 0xd1, 0x9c, 0x14, 0x13,
  0x30, 0xb0, 0x16, 0x4e, 0xba, 0x18, 0x06, 0x55, 0x15, 0xa4, 0xf7, 0xf8,
  0x38, 0xdb, 0xaa, 0xc5, 0x67, 0xbc, 0x59, 0x55, 0xff, 0x89, 0x15, 0x2e,
  0x9b, 0xd0, 0x09, 0xc8, 0x3c, 0x06, 0x35, 0x13, 0xf6, 0x6c, 0x95, 0x50,
  0xa8, 0x9e, 0xa4, 0x1f, 0xdd, 0x92, 0x4c, 0x26, 0xc0, 0x5f, 0x9b, 0x57,
  0xfd, 0x3d, 0xc1, 0x5d, 0xb8, 0xee, 0xca, 0x8f, 0xab, 0xe4, 0x95, 0x62,
  0xe6, 0xee, 0x5e, 0xeb, 0xe0, 0xb3, 0xda, 0x0f, 0x08, 0x84, 0xf9, 0x26,
  0x09, 0x86, 0xa4, 0x21, 0x25, 0x9b, 0x0e, 0x8c, 0x44, 0x9f, 0x38, 0x26,
  0x97, 0x06, 0xa4, 0xc8, 0xfb, 0x9b, 0x90, 0x2f, 0x81, 0xf5, 0x1a, 0x3b,
  0xca, 0xfc, 0x25, 0x2b, 0xb7, 0x60, 0x20, 0x30, 0xee, 0xae, 0xe0, 0xae,
  0x82, 0xbc, 0x22, 0xc3, 0x43, 0xd3, 0x04, 0xe3, 0x0a, 0x37, 0xf2, 0x06,
  0xad, 0x51, 0x31, 0x92, 0x10, 0xa0, 0xf6, 0x9d, 0xf0, 0x3e, 0x45, 0x26,
  0xb6, 0x32, 0xe5, 0xbf, 0x3e, 0x19, 0xe6, 0xbd, 0x81, 0x1b, 0xcf, 0x03,
  0xeb, 0xd5, 0xf9, 0xd1, 0xf8, 0xda, 0x5b, 0x2b, 0x4e, 0x96, 0x48, 0xb2,
  0xc8, 0x58, 0xa9, 0x90, 0xda, 0xc0, 0xdd, 0xda, 0x20, 0x54, 0x60, 0xed,
  0xe4, 0x41, 0xa7, 0xc3, 0xda, 0x47, 0xdc, 0x0d, 0xf1, 0xc1, 0x15, 0xd8,
  0xd5, 0xba, 0x23, 0x3c, 0xd3, 0xee, 0x23, 0xe6, 0x31, 0x08, 0x42, 0x13,
  0x1c, 0x1d, 0x11, 0xdf, 0x0b, 0xca, 0x2c, 0x24, 0x08, 0x1a, 0x1b, 0xc7,
  0x0f, 0x81, 0xba, 0xa4, 0xd4, 0xbe, 0xd1, 0xe9, 0xab, 0xde, 0x08, 0xe9,
  0xb2, 0xf6, 0x36, 0xee, 0xe6, 0xbb, 0x03, 0xf5, 0x0b, 0xd8, 0xe5, 0xc3,
  0xc7, 0xe0, 0xb6, 0x0e, 0xe9, 0x10, 0xce, 0xd6, 0xb1, 0xfe, 0x30, 0x32,
  0x1f, 0x2c, 0x24, 0x06, 0x18, 0xae, 0x19, 0xeb, 0xb6, 0x3e, 0x25, 0x4d,
  0xca, 0xf2, 0xb5, 0xd3, 0xe3, 0xcf, 0x40, 0xc4, 0x0e, 0xd8, 0x2f, 0x46,
  0x23, 0xc2, 0xee, 0xb8, 0x05, 0x16, 0x40, 0x0f, 0x0e, 0xb8, 0x00, 0x39,
  0xfd, 0x3b, 0xf2, 0xea, 0xfe, 0xc2, 0x9b, 0xa8, 0x24, 0x15, 0xeb, 0xd2,
  0x3f, 0x9d, 0x43, 0x0c, 0xe9, 0xc5, 0x04, 0xb8, 0xc4, 0x0b, 0x42, 0x19,
  0xa1, 0xdb, 0xf0, 0xb3, 0xfb, 0xfb, 0x47, 0xab, 0xcc, 0xd5, 0xdd, 0xb2,
  0xc0, 0x81, 0xc2, 0x1a, 0xc9, 0x29, 0xd6, 0x1f, 0x0f, 0x2f, 0x22, 0xba,
  0xf3, 0xe5, 0x23, 0xec, 0x48, 0xcf, 0x0b, 0xfa, 0xe6, 0xc1, 0xee, 0xd0,
  0xbf, 0xf1, 0x48, 0xdb, 0xef, 0x49, 0xda, 0xcd, 0x4c, 0x46, 0xad, 0x37,
  0x27, 0x39, 0xe9, 0xfd, 0x34, 0x48, 0xc6, 0x09, 0xd1, 0xbd, 0x27, 0xc7,
  0xbd, 0x14, 0xd4, 0xe4, 0x0f, 0xd3, 0x05, 0x21, 0xc6, 0xd7, 0xe3, 0xbe,
  0x15, 0x3b, 0x21, 0xd8, 0xd2, 0x32, 0xea, 0xf2, 0x7f, 0xcf, 0xd0, 0x13,
  0x46, 0xc2, 0x1b, 0xed, 0xc3, 0x9d, 0xd5, 0x00, 0x77, 0xea, 0x3e, 0xca,
  0xf8, 0x27, 0xbe, 0xbf, 0xd4, 0xa8, 0xfd, 0xb2, 0x41, 0x2c, 0x24, 0xfc,
  0x9a, 0xed, 0x37, 0xa3, 0x2f, 0xf0, 0x51, 0x24, 0x2c, 0xec, 0x1e, 0xda,
  0x73, 0x45, 0x47, 0x81, 0x10, 0xe7, 0x00, 0xe3, 0xb9, 0x43, 0x44, 0x31,
  0xd4, 0x4b, 0x54, 0x4c, 0x29, 0xd0, 0x58, 0x48, 0x54, 0xde, 0xe0, 0xd6,
  0xd9, 0xe3, 0xd8, 0xa6, 0x9a, 0xfe, 0xb0, 0xe5, 0xdf, 0x00, 0x02, 0x92,
  0x50, 0x2d, 0xe4, 0x53, 0x42, 0x11, 0x37, 0xf6, 0x39, 0xbd, 0xe7, 0x2e,
  0x09, 0xd5, 0x19, 0xeb, 0xc2, 0xba, 0xf4, 0xb9, 0xd6, 0x0c, 0xe1, 0x1e,
  0xe4, 0xd5, 0x2f, 0xef, 0x07, 0xe1, 0x01, 0xc0, 0x18, 0xcd, 0xe4, 0xd6,
  0x01, 0x0c, 0xf4, 0xf0, 0x2f, 0x3b, 0xca, 0x06, 0x32, 0xc4, 0x13, 0x1d,
  0xd5, 0xb7, 0xfb, 0xfb, 0xf3, 0x16, 0xe1, 0x81, 0x0c, 0xdf, 0xc5, 0xc9,
  0xd9, 0x2a, 0xe3, 0xff, 0x33, 0x22, 0x37, 0xd6, 0xf8, 0xa5, 0x01, 0x48,
  0xe6, 0xb1, 0xdb, 0x29, 0xb0, 0x2e, 0x05, 0x05, 0x65, 0x8a, 0xa7, 0x6c,
  0xc8, 0x33, 0xf0, 0xc4, 0xde, 0x94, 0xf8, 0x6e, 0xf7, 0xc1, 0xc6, 0x64,
  0xbf, 0xe6, 0x00, 0x48, 0x5b, 0xe1, 0x4e, 0xf1, 0xc7, 0x0c, 0x00, 0xc0,
  0x7d, 0x9d, 0xa8, 0x2e, 0x95, 0x8e, 0x58, 0x35, 0x84, 0x7c, 0x1d, 0xab,
  0x35, 0xb1, 0xde, 0xdd, 0xc9, 0x8f, 0x4e, 0x30, 0x4c, 0xa2, 0xe7, 0x1d,
  0xd3, 0xec, 0x7f, 0x24, 0xc3, 0x3f, 0x54, 0x59, 0xad, 0x5b, 0x4a, 0x3b,
  0xd4, 0x23, 0xf0, 0x1e, 0x48, 0x5f, 0x3a, 0x26, 0x9b, 0x30, 0xf7, 0x23,
  0xe3, 0xbc, 0x0a, 0x47, 0xec, 0xc7, 0xf5, 0x03, 0x12, 0x10, 0x5b, 0x1b,
  0x3a, 0xfd, 0x15, 0xe7, 0x98, 0x1d, 0xc8, 0x10, 0xed, 0x9c, 0x09, 0xc0,
  0x04, 0x2e, 0x37, 0xd2, 0x91, 0xa3, 0xe1, 0xc7, 0x8d, 0xfd, 0x40, 0x1b,
  0xb1, 0x27, 0x30, 0x96, 0x40, 0x41, 0xa2, 0x91, 0xdb, 0x56, 0x99, 0xe5,
  0xca, 0xe4, 0x81, 0x98, 0xc8, 0x9b, 0xde, 0x43, 0x8d, 0x82, 0x11, 0xa6,
  0xc1, 0xbd, 0x14, 0x27, 0xbc, 0x51, 0x32, 0x45, 0x35, 0xab, 0x21, 0xe9,
  0xea, 0x09, 0xc7, 0x2d, 0x1d, 0x1c, 0xef, 0x51, 0xd5, 0x9f, 0xbb, 0xa9,
  0x27, 0xba, 0x44, 0x9e, 0xdf, 0x30, 0x35, 0x92, 0xf7, 0x4e, 0xc8, 0x9d,
  0x38, 0xda, 0x14, 0x30, 0x30, 0x05, 0x34, 0x84, 0x23, 0x5c, 0xb5, 0x04,
  0xd9, 0x81, 0xa1, 0xda, 0x51, 0xd7, 0xb6, 0x1b, 0x07, 0x32, 0x30, 0x9e,
  0x2a, 0xa0, 0xe3, 0xce, 0xfd, 0x33, 0xb5, 0xbe, 0x90, 0xfd, 0x3a, 0x36,
  0xcc, 0x10, 0x3b, 0xc6, 0x60, 0xfa, 0x57, 0x42, 0x81, 0x8e, 0x65, 0xa4,
  0xc5, 0x84, 0x4c, 0x14, 0x76, 0x36, 0x3a, 0xa1, 0xa5, 0x93, 0xbd, 0xc5,
  0x39, 0x0e, 0x3c, 0x79, 0xab, 0x13, 0x04, 0x27, 0x95, 0xed, 0xee, 0x13,
  0x9e, 0xcc, 0x26, 0xc5, 0x98, 0x70, 0x98, 0x2e, 0xdb, 0xaf, 0x96, 0x3f,
  0x9c, 0xa7, 0xb9, 0x51, 0x95, 0xf6, 0x01, 0xbd, 0x0b, 0xc2, 0xa9, 0xec,
  0x75, 0x4d, 0xff, 0x84, 0x65, 0x0b, 0x63, 0xff, 0x98, 0x5c, 0xad, 0xa1,
  0xdf, 0x06, 0x24, 0x92, 0xd0, 0xde, 0x8d, 0xbd, 0x68, 0x21, 0xb8, 0x4d,
  0xf4, 0x59, 0xf3, 0x03, 0xb3, 0x56, 0x49, 0xda, 0x0d, 0xcb, 0x5f, 0x59,
  0xf3, 0x48, 0x64, 0xa0, 0xdf, 0xd2, 0xfc, 0xaa, 0x8f, 0xc7, 0x0c, 0x90,
  0x9a, 0x9f, 0xaf, 0xfc, 0xf8, 0x3d, 0x28, 0x20, 0xe8, 0x4d, 0xc9, 0xf3,
  0x09, 0x07, 0x4a, 0x2f, 0xf7, 0xd7, 0xc0, 0x9c, 0x1f, 0x05, 0xc9, 0x3b,
  0x2f, 0xe6, 0xe1, 0x3f, 0x4a, 0xf0, 0xdc, 0x5d, 0x0e, 0xdb, 0xab, 0x7f,
  0x5b, 0xe6, 0xd4, 0xa2, 0xae, 0xdb, 0x27, 0xe6, 0xee, 0x30, 0xca, 0x12,
  0xf4, 0xb8, 0xca, 0x15, 0x0b, 0xc2, 0xc9, 0x24, 0x22, 0xf6, 0xf7, 0x0c,
  0xb4, 0xd8, 0xe2, 0xf1, 0x4a, 0x36, 0x32, 0x21, 0x46, 0x10, 0xc3, 0xca,
  0xea, 0x02, 0xa8, 0x14, 0x4d, 0xeb, 0xf4, 0x33, 0x0d, 0x2c, 0x09, 0xee,
  0xe0, 0x1c, 0x55, 0xad, 0xf9, 0xcc, 0x24, 0xcf, 0xd1, 0xbe, 0xb2, 0x46,
  0xd5, 0x2d, 0xd5, 0xdd, 0xc0, 0x52, 0xde, 0xbc, 0x94, 0x1a, 0xc9, 0x7f,
  0xc6, 0x24, 0x34, 0xea, 0x17, 0x25, 0x43, 0x84, 0x2d, 0x5a, 0xa1, 0xf4,
  0xef, 0x5a, 0x12, 0x1f, 0xb3, 0xf4, 0x22, 0x02, 0x1f, 0xbc, 0xb2, 0x58,
  0x37, 0x1f, 0x60, 0x66, 0x4d, 0x96, 0x41, 0x42, 0xce, 0xcf, 0x0e, 0x76,
  0x00, 0xce, 0x5d, 0xd1, 0x5a, 0x32, 0x1a, 0xb8, 0xb1, 0xab, 0xf4, 0x19,
  0xa9, 0xa1, 0x96, 0x43, 0x47, 0xa5, 0xa0, 0x81, 0xfe, 0x56, 0xac, 0xfa,
  0xea, 0x35, 0xdc, 0xb2, 0x8c, 0x04, 0x60, 0xe8, 0x2c, 0x4c, 0x56, 0xec,
  0xee, 0x07, 0x1c, 0x1e, 0xee, 0xd2, 0x48, 0x8b, 0x01, 0x56, 0x9b, 0x99,
  0xeb, 0xf9, 0x4e, 0x55, 0x5a, 0xac, 0x1e, 0x37, 0x22, 0x8e, 0xa6, 0xd4,
  0x02, 0xd5, 0x81, 0xc4, 0x0e, 0xf8, 0xb6, 0x1f, 0x32, 0x32, 0xc6, 0x1e,
  0xc4, 0x39, 0x37, 0x10, 0x55, 0xa2, 0x93, 0x36, 0xa4, 0x8b, 0xb7, 0x02,
  0x39, 0x68, 0xe8, 0x31, 0x2d, 0xec, 0x11, 0x15, 0x45, 0xc5, 0x54, 0xff,
  0x9e, 0x97, 0xe5, 0x06, 0xd1, 0x5e, 0xe8, 0xd0, 0x20, 0x47, 0x12, 0xc6,
  0x30, 0x42, 0x22, 0x18, 0xcf, 0x5d, 0x81, 0x5f, 0x92, 0xf3, 0x1b, 0x4b,
  0xbe, 0xbb, 0x47, 0xef, 0xa6, 0x56, 0x26, 0x52, 0xc0, 0xaa, 0xf8, 0x43,
  0x43, 0x77, 0xe1, 0x25, 0xe4, 0x5f, 0xc2, 0x3f, 0xfa, 0x19, 0x2f, 0x4f,
  0x4f, 0x9c, 0xb7, 0x4a, 0xa2, 0x06, 0x40, 0x22, 0x43, 0x02, 0x03, 0xcf,
  0xdd, 0x8c, 0xfa, 0xce, 0x53, 0x0a, 0x34, 0x21, 0x2d, 0x3c, 0x08, 0xd4,
  0xc0, 0xc1, 0xbc, 0xc1, 0x1c, 0x23, 0xdc, 0x0c, 0xca, 0xfa, 0xaa, 0x4e,
  0x98, 0x23, 0x98, 0xa0, 0x32, 0xd6, 0xfc, 0x29, 0x20, 0x62, 0x46, 0xd3,
  0x00, 0x4a, 0x95, 0x0b, 0xbb, 0x23, 0xf0, 0xb4, 0x15, 0xfc, 0x23, 0x35,
  0xb6, 0xdd, 0x5c, 0x61, 0xe9, 0x17, 0x2f, 0xaa, 0xd4, 0x02, 0x26, 0x17,
  0x0b, 0xc0, 0x55, 0xba, 0xae, 0x41, 0xe5, 0x35, 0xd6, 0x2d, 0xe3, 0xb4,
  0x49, 0x3d, 0x19, 0x66, 0x33, 0xca, 0x61, 0x24, 0x65, 0x74, 0x21, 0x8c,
  0x46, 0xe0, 0xd4, 0x04, 0x3b, 0x6f, 0xa5, 0x57, 0x90, 0x86, 0x7f, 0xd6,
  0x45, 0x2d, 0xe1, 0x8b, 0xc4, 0x5c, 0xe5, 0x40, 0xa9, 0xa0, 0x90, 0x13,
  0x94, 0x1e, 0xdd, 0xb5, 0xac, 0xbe, 0x91, 0x2b, 0x1b, 0x0f, 0x4e, 0xa5,
  0xaf, 0x10, 0x36, 0x58, 0xbc, 0xdd, 0xe4, 0x14, 0x1d, 0xec, 0x2d, 0xce,
  0x87, 0xed, 0xac, 0xd0, 0xb7, 0x9e, 0xf6, 0x59, 0xd4, 0xde, 0x86, 0x1f,
  0xf8, 0xaa, 0x7f, 0x1a, 0xa3, 0x97, 0xc3, 0x35, 0x0b, 0xee, 0x0f, 0x4a,
  0x28, 0xbd, 0xad, 0x3f, 0x48, 0x0d, 0x17, 0xdd, 0xa8, 0x08, 0xca, 0x41,
  0x19, 0x1b, 0x67, 0xdd, 0xa6, 0xbe, 0x92, 0x87, 0xfd, 0x0b, 0x09, 0xe7,
  0x87, 0xbe, 0xf6, 0x3e, 0x92, 0xf6, 0x81, 0xce, 0x81, 0x11, 0xaa, 0xa9,
  0x13, 0xfb, 0xb2, 0x04, 0x2e, 0x41, 0xa6, 0x3c, 0x1f, 0xa8, 0x1f, 0x50,
  0xb4, 0x08, 0xe0, 0xc9, 0x27, 0xe6, 0x89, 0x4b, 0xf0, 0xcb, 0xa4, 0x44,
  0xdd, 0x21, 0xc7, 0xb9, 0x90, 0x97, 0x5e, 0x19, 0xfa, 0x9f, 0xc9, 0xbc,
  0xb6, 0x26, 0xd5, 0xb2, 0x28, 0xf9, 0x14, 0x5a, 0x12, 0x1f, 0x4e, 0x4d,
  0x02, 0xa7, 0x68, 0x39, 0xb8, 0xd4, 0x6a, 0xc9, 0x7d, 0x3b, 0x26, 0x4c,
  0x07, 0xf3, 0x9e, 0xf3, 0xe3, 0xe9, 0x47, 0xdd, 0xb9, 0xd3, 0xc1, 0xcb,
  0x40, 0xb3, 0x3c, 0xc4, 0xc8, 0x11, 0x24, 0x0d, 0x4b, 0x00, 0x1d, 0x12,
  0xcd, 0x12, 0xa3, 0x48, 0xab, 0x5c, 0x0c, 0x33, 0xcf, 0xaf, 0xfe, 0xe2,
  0x81, 0x04, 0x25, 0x55, 0xb5, 0xa4, 0x0a, 0x73, 0x91, 0xe7, 0x1f, 0x9f,
  0x26, 0x61, 0xe9, 0x81, 0x29, 0xda, 0xf6, 0x36, 0x93, 0x2f, 0x28, 0x9f,
  0x36, 0xd2, 0xc3, 0xa8, 0xe5, 0x1d, 0x61, 0xae, 0xc0, 0x12, 0x3c, 0xb4,
  0xcb, 0x92, 0x34, 0xa5, 0x5e, 0x1b, 0xd3, 0xe4, 0x81, 0xd9, 0x40, 0x02,
  0x43, 0xfb, 0xf7, 0xd7, 0x4f, 0xc8, 0xbd, 0x00, 0x45, 0xa7, 0xf0, 0x21,
  0xeb, 0xcf, 0xc1, 0xa5, 0x02, 0x74, 0x3b, 0xca, 0x5d, 0xe4, 0xe9, 0xc4,
  0x2c, 0x3f, 0xee, 0x0a, 0xdb, 0xae, 0xb6, 0xdb, 0x27, 0xfc, 0x90, 0x5b,
  0x4d, 0xde, 0xc2, 0x43, 0xd4, 0x5b, 0x1d, 0x54, 0xd0, 0x9f, 0x45, 0x01,
  0xcb, 0x0e, 0xe8, 0xde, 0x53, 0xb2, 0xd4, 0x1b, 0x5e, 0x04, 0x0a, 0xab,
  0x3d, 0xd9, 0xf9, 0xc5, 0xd2, 0x30, 0xf0, 0x66, 0xf8, 0xfa, 0x03, 0x3a,
  0x5d, 0xdd, 0x0b, 0x02, 0x4a, 0xf6, 0x15, 0xeb, 0xb6, 0xe5, 0xbb, 0xd3,
  0xdf, 0x50, 0x2b, 0x0c, 0xad, 0x29, 0xe6, 0x0f, 0xcb, 0xc2, 0xd5, 0x0c,
  0xa7, 0xf2, 0x4b, 0x51, 0xb0, 0x07, 0x09, 0x49, 0x1b, 0xe9, 0x29, 0xbc,
  0x1a, 0xfe, 0x0d, 0xce, 0xf0, 0x44, 0xc4, 0x1e, 0x81, 0x2e, 0x9d, 0x08,
  0xaf, 0x13, 0x48, 0xc7, 0xf9, 0xd1, 0x10, 0x2a, 0x0c, 0xde, 0xde, 0x30,
  0x31, 0x2c, 0xe8, 0xda, 0x22, 0xdf, 0xd7, 0x0e, 0x21, 0x0d, 0x2b, 0x11,
  0x0a, 0x1a, 0x07, 0x05, 0xcc, 0xf6, 0x32, 0x03, 0x1d, 0x34, 0x26, 0xcd,
  0x05, 0xe7, 0xe5, 0xf3, 0xd5, 0xe3, 0xc1, 0xeb, 0xc2, 0x45, 0x33, 0xd1,
  0x0e, 0xe6, 0x0a, 0xdd, 0x0b, 0x2c, 0x1e, 0xbb, 0xd4, 0xc8, 0xef, 0xed,
  0x17, 0x0e, 0xef, 0xcd, 0xd9, 0x1d, 0xd9, 0x04, 0x81, 0x1e, 0xfd, 0x08,
  0xf6, 0x01, 0x25, 0xdf, 0xf6, 0xe1, 0xff, 0xff, 0x04, 0x00, 0x00, 0x00,
  0x60, 0x00, 0x00, 0x00, 0x47, 0xb9, 0xff, 0xff, 0x09, 0xb3, 0xff, 0xff,
  0xd9, 0x6f, 0xff, 0xff, 0x83, 0x53, 0xff, 0xff, 0x96, 0xba, 0xff, 0xff,
  0x0b, 0xe0, 0xff, 0xff, 0x24, 0x18, 0x00, 0x00, 0x15, 0x04, 0x00, 0x00,
  0x4f, 0x1e, 0x00, 0x00, 0x5b, 0xa2, 0xff, 0xff, 0x6d, 0x86, 0xff, 0xff,
  0xd5, 0xf0, 0xff, 0xff, 0x3c, 0x98, 0xff, 0xff, 0xc5, 0x89, 0xff, 0xff,
  0x9a, 0xb2, 0xff, 0xff, 0xe2, 0x96, 0xff, 0xff, 0x67, 0xdc, 0xff, 0xff,
  0x8e, 0xe6, 0xff, 0xff, 0x70, 0xbc, 0xff, 0xff, 0x12, 0xa3, 0xff, 0xff,
  0xa8, 0xef, 0xff, 0xff, 0x8c, 0x9c, 0xff, 0xff, 0x08, 0xf0, 0xff, 0xff,
  0x1c, 0x03, 0x00, 0x00, 0x62, 0xe2, 0xff, 0xff, 0x04, 0x00, 0x00, 0x00,
  0xc0, 0x06, 0x00, 0x00, 0xb8, 0x0a, 0xd6, 0x15, 0x52, 0x0e, 0x2b, 0xdc,
  0xfd, 0x3a, 0xc3, 0x01, 0x2e, 0x06, 0xe8, 0x4c, 0xeb, 0xf0, 0xfe, 0x65,
  0xef, 0xbb, 0xbf, 0xc3, 0x6c, 0xb2, 0x25, 0x0c, 0xba, 0xaf, 0xa7, 0xc9,
  0xa7, 0x2b, 0xff, 0xb1, 0xd7, 0xba, 0xbd, 0x35, 0xce, 0xcd, 0xb5, 0x71,
  0x81, 0xc1, 0xa4, 0x98, 0x11, 0x55, 0x3b, 0xd7, 0xb3, 0x1a, 0xef, 0x2c,
  0x96, 0xae, 0x9e, 0xb4, 0x3a, 0x4b, 0xb5, 0x22, 0x01, 0x02, 0x36, 0x67,
  0xd2, 0x5d, 0x24, 0xf7, 0xc9, 0xce, 0x41, 0x20, 0xf0, 0x94, 0xd4, 0x05,
  0xf4, 0x95, 0xff, 0x07, 0xcf, 0xbf, 0xae, 0x70, 0xc5, 0x56, 0xc5, 0xed,
  0x69, 0x6b, 0xe0, 0x00, 0xcb, 0xfd, 0xf6, 0xc3, 0xe9, 0x3e, 0xdb, 0xc0,
  0x49, 0x9e, 0xb2, 0x96, 0x00, 0x0c, 0x46, 0x35, 0xff, 0x43, 0xaf, 0xc7,
  0x81, 0xe9, 0x67, 0x08, 0xbb, 0x16, 0x0a, 0x0d, 0xbf, 0x52, 0x4a, 0xec,
  0xbc, 0x19, 0x25, 0x13, 0x04, 0xbd, 0xce, 0x5e, 0x8e, 0x26, 0x96, 0x4c,
  0xc7, 0x6e, 0x2f, 0xbf, 0x01, 0x16, 0x07, 0xc6, 0xd9, 0xc5, 0x11, 0x8a,
  0x44, 0x41, 0x43, 0x0a, 0x09, 0x0b, 0xf8, 0xc1, 0xd2, 0xed, 0xa0, 0x4f,
  0x50, 0xe2, 0x9e, 0xf6, 0xee, 0x05, 0xf3, 0xa4, 0xa1, 0x24, 0x56, 0x23,
  0x16, 0xd5, 0xa3, 0x35, 0xc3, 0xd8, 0xc8, 0x4e, 0xb7, 0xd5, 0x46, 0xf9,
  0xfb, 0xbc, 0x4c, 0x35, 0xbb, 0x37, 0xc6, 0x35, 0x14, 0x29, 0x7f, 0xd8,
  0xf2, 0x9d, 0x02, 0xe2, 0xec, 0xea, 0x61, 0xdc, 0x26, 0x45, 0x74, 0xab,
  0xe3, 0x75, 0x40, 0x2b, 0x4d, 0xa8, 0x0b, 0xdc, 0x54, 0x2d, 0x5c, 0x81,
  0xd0, 0xda, 0x2e, 0x0f, 0xf3, 0x63, 0x20, 0x38, 0xca, 0x12, 0xf1, 0xb6,
  0x53, 0xc4, 0xec, 0x97, 0xa0, 0xc5, 0x1b, 0xa2, 0xdb, 0x5c, 0x0d, 0xfa,
  0x17, 0xa3, 0xc0, 0x1c, 0xa9, 0x93, 0x06, 0xe6, 0xaa, 0x98, 0xae, 0x07,
  0x22, 0xed, 0x30, 0x57, 0xb4, 0xbb, 0xeb, 0x06, 0x64, 0xb9, 0x60, 0xb9,
  0xf5, 0x0c, 0xe4, 0x3e, 0x0e, 0xdf, 0xc2, 0x29, 0xf0, 0xf5, 0x51, 0xf0,
  0x68, 0xa1, 0x47, 0xe5, 0x0f, 0xcc, 0xbe, 0x02, 0xbd, 0x32, 0x0b, 0x47,
  0x81, 0x47, 0x1a, 0x19, 0x77, 0x94, 0xc6, 0xed, 0x0a, 0xfd, 0xf0, 0x3f,
  0x08, 0x20, 0x2a, 0x52, 0xbd, 0xf9, 0xef, 0xe2, 0xbe, 0x4b, 0x67, 0x47,
  0x4e, 0x5e, 0x10, 0xf2, 0xcf, 0xbf, 0x9b, 0xce, 0x05, 0x4e, 0x3b, 0x15,
  0xb6, 0x45, 0x62, 0xe4, 0x09, 0x04, 0xb8, 0xb3, 0xe4, 0xc2, 0xa3, 0x27,
  0xd7, 0x0b, 0x4c, 0x63, 0xf1, 0xf8, 0x95, 0x2f, 0x44, 0x22, 0x9e, 0x3a,
  0xf6, 0x0e, 0x47, 0x1f, 0x2e, 0xc9, 0x1c, 0xe3, 0x17, 0x2f, 0x72, 0x97,
  0x09, 0x4d, 0x03, 0x2b, 0x38, 0x36, 0x85, 0x45, 0x33, 0x32, 0x2b, 0x4a,
  0x19, 0xf0, 0xe6, 0x11, 0x0b, 0x0f, 0x45, 0x0b, 0xbd, 0x95, 0x70, 0xfd,
  0x99, 0x10, 0xc7, 0x0a, 0x1d, 0x81, 0xc1, 0xb6, 0x56, 0xaa, 0xdf, 0x60,
  0x3a, 0xf1, 0x3b, 0x03, 0x4d, 0xbe, 0xa3, 0x3d, 0xaa, 0xf1, 0xe3, 0x31,
  0x4e, 0x3c, 0x4a, 0xe3, 0x1a, 0x94, 0xb1, 0xd2, 0x9a, 0xbd, 0xf6, 0x33,
  0x53, 0x51, 0x29, 0x64, 0xb6, 0x28, 0x4b, 0xbc, 0x1a, 0xea, 0x74, 0x3a,
  0x33, 0xda, 0x39, 0xa8, 0xe2, 0x26, 0xeb, 0xe8, 0x42, 0x31, 0x5f, 0x23,
  0x00, 0x2b, 0xd8, 0x09, 0xc3, 0xf7, 0x58, 0x26, 0xf0, 0x49, 0xa9, 0x7f,
  0xe3, 0xf3, 0xdc, 0x15, 0x24, 0xc9, 0xa1, 0xc6, 0x8e, 0xad, 0x9e, 0x7f,
  0x59, 0x6d, 0x0f, 0x6e, 0x44, 0x4c, 0x60, 0xd7, 0x34, 0x0d, 0xf3, 0xb8,
  0x9f, 0xf7, 0xed, 0xa4, 0x2c, 0x2b, 0xc3, 0xbe, 0x13, 0xb0, 0x08, 0x68,
  0x59, 0x72, 0xb2, 0x0a, 0xe4, 0xf1, 0xc0, 0xd8, 0x11, 0xfa, 0x58, 0x34,
  0x46, 0x34, 0xed, 0x5b, 0xac, 0x1e, 0xf6, 0x09, 0xea, 0x54, 0x15, 0xec,
  0x81, 0x53, 0x4a, 0xf5, 0x30, 0xac, 0x46, 0xfb, 0xea, 0x64, 0x47, 0xca,
  0x22, 0x13, 0x69, 0xc1, 0xb8, 0xcd, 0x26, 0x4c, 0x63, 0xac, 0x9d, 0xca,
  0x88, 0xd9, 0x50, 0x58, 0x51, 0x5c, 0xed, 0xea, 0xc4, 0x59, 0x20, 0xd8,
  0xbe, 0x1a, 0xb6, 0x56, 0x17, 0x5b, 0xb7, 0x15, 0x6b, 0xa5, 0x2b, 0x61,
  0x42, 0x62, 0x1b, 0x5c, 0x2f, 0xe1, 0x81, 0x2a, 0x26, 0xc0, 0x7f, 0x91,
  0x10, 0xd5, 0x6e, 0x68, 0xaf, 0xe1, 0x82, 0xa1, 0xab, 0xf4, 0x52, 0x6c,
  0xfc, 0xb8, 0x06, 0x48, 0x72, 0x19, 0xe2, 0x4d, 0xfb, 0x96, 0x37, 0xea,
  0xd2, 0xd7, 0xd3, 0x42, 0x5a, 0xe3, 0xdc, 0x4c, 0x01, 0xf2, 0xa1, 0x1e,
  0xb0, 0x78, 0x78, 0x07, 0xff, 0x11, 0x87, 0xd4, 0xf0, 0x09, 0x95, 0xfa,
  0x60, 0x59, 0x5f, 0xf1, 0xfe, 0x27, 0x5b, 0xdf, 0xc8, 0x4a, 0x44, 0x9a,
  0xe1, 0x57, 0xa6, 0x19, 0xcd, 0x4c, 0xb1, 0x2e, 0xbd, 0x31, 0x4d, 0x4b,
  0xc1, 0x01, 0x43, 0xa3, 0xe1, 0x06, 0x23, 0xd5, 0xeb, 0x00, 0x94, 0xde,
  0xfe, 0x22, 0xe2, 0x46, 0x4e, 0xe5, 0x8e, 0xf9, 0xb9, 0xff, 0x2d, 0x35,
  0xc0, 0xa5, 0xbd, 0xc3, 0x48, 0xc8, 0x94, 0x0f, 0x9d, 0x11, 0x2d, 0x24,
  0xbd, 0xf4, 0x77, 0xca, 0xde, 0x7f, 0xdc, 0xe5, 0xe0, 0xb4, 0xbb, 0xd7,
  0x12, 0xb3, 0x73, 0x34, 0x03, 0x11, 0x02, 0x29, 0xc1, 0xb9, 0xf4, 0xc0,
  0x30, 0x4f, 0x55, 0x52, 0x98, 0xd0, 0xc1, 0x1a, 0x7d, 0xd7, 0xe3, 0x56,
  0x32, 0xa9, 0x38, 0x4d, 0xa9, 0xb6, 0x44, 0xd2, 0x31, 0xc6, 0xb5, 0x81,
  0xc8, 0xe6, 0xba, 0x33, 0x8f, 0x1d, 0x62, 0x50, 0xd6, 0xa1, 0x22, 0xdf,
  0x3d, 0x17, 0xc0, 0xc7, 0x06, 0x2e, 0x62, 0xc7, 0xe4, 0xd2, 0x49, 0xcf,
  0xa5, 0xf4, 0x22, 0x02, 0x33, 0xf5, 0xbb, 0xa2, 0xaf, 0xf7, 0xa0, 0x0c,
  0xca, 0x8c, 0x43, 0x62, 0xcd, 0x0c, 0x60, 0x17, 0x4d, 0x85, 0xce, 0x55,
  0xf3, 0x4a, 0x2d, 0x32, 0x73, 0xb1, 0x8b, 0x05, 0x3c, 0xc9, 0xcd, 0xc4,
  0x40, 0xe2, 0xc3, 0xb9, 0x00, 0x14, 0x21, 0x34, 0x93, 0xbb, 0xcd, 0xb4,
  0xa2, 0xd9, 0xf4, 0x7f, 0xef, 0xbf, 0xa3, 0xcf, 0x4e, 0xf0, 0x4c, 0xdf,
  0x44, 0x18, 0x45, 0xdb, 0x2c, 0x3a, 0xba, 0xbf, 0xdf, 0xe2, 0x00, 0x28,
  0x2a, 0x6d, 0xcb, 0x39, 0xaa, 0x34, 0xad, 0x14, 0x2a, 0x32, 0x15, 0xfc,
  0xb7, 0xf3, 0xe2, 0x25, 0x09, 0xb7, 0x81, 0x18, 0x07, 0x44, 0x4b, 0xc0,
  0xa2, 0x07, 0xbd, 0x61, 0x35, 0x52, 0xf0, 0xf9, 0x52, 0xf2, 0xc7, 0xa9,
  0xe2, 0xe8, 0x91, 0xd8, 0xb9, 0x98, 0xdd, 0x67, 0x0e, 0x4f, 0x0f, 0xd1,
  0x8e, 0xe7, 0xb6, 0xa1, 0x41, 0x6b, 0xa3, 0xf3, 0x09, 0xf1, 0xf2, 0x28,
  0xd5, 0x6f, 0x28, 0xbf, 0xb7, 0x02, 0x6a, 0x14, 0xc0, 0x9b, 0xe1, 0xc4,
  0x28, 0x51, 0x95, 0x05, 0xd6, 0xbe, 0x3e, 0x59, 0xb0, 0xd5, 0x1c, 0xb2,
  0x1d, 0x61, 0xd7, 0x11, 0xe7, 0x81, 0x48, 0x75, 0x32, 0xc6, 0xb5, 0x5d,
  0xf5, 0x6b, 0x4b, 0x5f, 0x3f, 0x3d, 0xd0, 0x1a, 0xe5, 0x43, 0xc0, 0x93,
  0x31, 0xbe, 0x0f, 0x9a, 0x47, 0x22, 0xb3, 0x01, 0xe4, 0x11, 0xc5, 0x21,
  0x8c, 0x28, 0xf9, 0x2e, 0x5b, 0xee, 0x9c, 0x06, 0x0c, 0x81, 0xb0, 0x1f,
  0xd3, 0xa3, 0xd9, 0xdb, 0xb5, 0xa9, 0x1f, 0x00, 0xc4, 0xf9, 0xfb, 0xab,
  0x50, 0x70, 0xac, 0x54, 0x60, 0x50, 0x62, 0xc0, 0xd2, 0x9b, 0x67, 0x5b,
  0x7d, 0xd9, 0x6c, 0x16, 0x32, 0x85, 0xc8, 0xbb, 0x43, 0xdc, 0xdf, 0x53,
  0xe2, 0x18, 0x72, 0x1c, 0xba, 0x06, 0x11, 0x39, 0xb1, 0xdf, 0x1d, 0x18,
  0xee, 0x43, 0x01, 0x48, 0xf9, 0x0a, 0xb2, 0x6f, 0x4d, 0xe2, 0x9f, 0x0c,
  0xfa, 0x05, 0x25, 0xd1, 0x21, 0xb5, 0x8d, 0x90, 0x57, 0x90, 0xbd, 0x32,
  0xfd, 0x1c, 0x5a, 0xfd, 0x9d, 0xde, 0xcf, 0x5f, 0x83, 0x2c, 0x47, 0x3f,
  0x6a, 0xd2, 0x43, 0x4f, 0x5e, 0x7f, 0xff, 0xed, 0x1f, 0xd0, 0xb8, 0xaa,
  0xfd, 0x2d, 0x77, 0xae, 0x01, 0x4a, 0x9f, 0x08, 0xbb, 0xbc, 0x06, 0xe9,
  0xc1, 0x04, 0xb3, 0x4f, 0xc2, 0x10, 0x3f, 0xab, 0xd4, 0xc5, 0x06, 0xd7,
  0xcf, 0xdb, 0x92, 0xf1, 0xb6, 0x11, 0xc2, 0xf0, 0x21, 0xa1, 0x46, 0xa8,
  0xcc, 0x1f, 0x03, 0xeb, 0x27, 0x44, 0x13, 0x10, 0xf4, 0xb1, 0xa8, 0x09,
  0xda, 0xad, 0x39, 0x8b, 0x5f, 0x93, 0xe0, 0x0a, 0x84, 0x6b, 0xf0, 0x13,
  0x26, 0xee, 0xcc, 0x6e, 0x2b, 0xcb, 0x92, 0x59, 0x46, 0xd4, 0x58, 0xf1,
  0xc6, 0xea, 0x15, 0x05, 0x59, 0xee, 0xa3, 0x55, 0x10, 0x50, 0x88, 0x41,
  0x81, 0x6f, 0x53, 0x24, 0xf0, 0x42, 0x2d, 0xba, 0xf3, 0x42, 0x0e, 0xb9,
  0xa8, 0xad, 0xff, 0x33, 0x17, 0xdb, 0x0a, 0x29, 0x31, 0x21, 0xa8, 0xe8,
  0x1d, 0x4f, 0x0a, 0x03, 0x5e, 0xf4, 0xde, 0xc1, 0xd0, 0xa3, 0xe7, 0x3e,
  0xd5, 0x3d, 0x4f, 0xf7, 0xf5, 0x4c, 0x17, 0xe3, 0xe2, 0xcc, 0xac, 0x11,
  0xbe, 0xae, 0x03, 0x1e, 0x30, 0x3f, 0x5b, 0x43, 0x58, 0xd0, 0xa3, 0x13,
  0x81, 0xec, 0x35, 0x46, 0xbc, 0x31, 0x50, 0xc7, 0x1b, 0xe1, 0x35, 0x16,
  0x87, 0xcb, 0x27, 0xf6, 0xa3, 0xb5, 0xa1, 0xd7, 0x6e, 0xfd, 0xde, 0x8f,
  0x49, 0xd5, 0xbb, 0x9e, 0x2b, 0xf8, 0x03, 0x71, 0x02, 0x4e, 0x20, 0x43,
  0x4c, 0x0d, 0xcc, 0xd1, 0x50, 0x3e, 0xf3, 0xe6, 0xc1, 0x4f, 0x40, 0x18,
  0xfc, 0xed, 0x3f, 0xb1, 0x99, 0x2f, 0xe0, 0x51, 0x52, 0x9f, 0x41, 0x23,
  0x4a, 0x06, 0xbd, 0x2b, 0xdf, 0x51, 0x03, 0x2c, 0x20, 0x3d, 0x61, 0x55,
  0x19, 0xb4, 0x4c, 0xf0, 0x82, 0xe6, 0x3c, 0x76, 0xc4, 0xce, 0x46, 0x9b,
  0x46, 0xf7, 0x01, 0x7f, 0xd9, 0x1c, 0xda, 0x28, 0x2d, 0x1a, 0xff, 0xc4,
  0xe6, 0x35, 0xd2, 0xed, 0x13, 0xf3, 0xe9, 0xac, 0x46, 0xee, 0xf2, 0x05,
  0x4f, 0xe6, 0x3d, 0xfc, 0x0c, 0x5c, 0x26, 0xf2, 0xc7, 0x13, 0x2e, 0x2f,
  0x62, 0xf3, 0xea, 0xeb, 0x41, 0xdf, 0xda, 0xff, 0xda, 0x03, 0xfb, 0xda,
  0x38, 0x00, 0xd0, 0xdd, 0xf6, 0x17, 0x2c, 0xde, 0xe5, 0x3f, 0x5a, 0x81,
  0xf3, 0x02, 0x48, 0x30, 0x19, 0xc1, 0x02, 0xcb, 0xc0, 0xb3, 0xff, 0x25,
  0x3f, 0x42, 0x10, 0xb4, 0x2e, 0x41, 0xc4, 0x9b, 0x29, 0xa8, 0x6f, 0xee,
  0xb8, 0xba, 0x1a, 0xfa, 0x9e, 0x36, 0x17, 0xa8, 0xa3, 0xc8, 0x08, 0xcb,
  0xca, 0x0f, 0x11, 0x5f, 0xce, 0x63, 0x04, 0x19, 0x7f, 0x27, 0xda, 0xfe,
  0x2f, 0x01, 0xf8, 0x1e, 0x98, 0xbd, 0x2a, 0x38, 0x1c, 0x20, 0x49, 0x5b,
  0x07, 0xe1, 0x2f, 0x67, 0x25, 0x01, 0xf3, 0x26, 0x9f, 0xd3, 0xdc, 0x5b,
  0x49, 0xf7, 0xce, 0x15, 0x19, 0xb6, 0xb9, 0xfc, 0xd4, 0x8c, 0x54, 0x51,
  0x06, 0x2d, 0x44, 0x12, 0xb6, 0xbf, 0xd3, 0x25, 0x13, 0xb3, 0x76, 0x4d,
  0x22, 0x45, 0x29, 0x1d, 0xd9, 0x8d, 0x37, 0x58, 0x8c, 0x0d, 0x81, 0x1f,
  0xfc, 0xdd, 0x78, 0x41, 0xe0, 0xc3, 0xd4, 0xdd, 0x64, 0x52, 0x5a, 0x8f,
  0xf3, 0x16, 0x0d, 0x2b, 0xe1, 0xa7, 0xde, 0xaf, 0xcc, 0x18, 0xf1, 0x7e,
  0x4a, 0x60, 0xee, 0xec, 0x0e, 0x4a, 0x4b, 0xb1, 0xb4, 0x9e, 0xe9, 0xcf,
  0xce, 0x20, 0x02, 0x43, 0xd4, 0x28, 0x91, 0xcf, 0x4a, 0x28, 0xb1, 0x3a,
  0x23, 0x21, 0x00, 0xe8, 0x06, 0xfc, 0x1c, 0xfd, 0x39, 0xef, 0x13, 0xee,
  0x23, 0x0d, 0xde, 0xf2, 0x1c, 0xf8, 0x30, 0x16, 0x2a, 0xfb, 0x36, 0x1b,
  0xe2, 0x01, 0xf1, 0xc5, 0x33, 0x01, 0x2e, 0x20, 0xf0, 0x24, 0x22, 0x09,
  0xcf, 0xe5, 0x04, 0xd8, 0x00, 0x32, 0xd9, 0xe1, 0x13, 0x0f, 0xf7, 0x0c,
  0xe4, 0x00, 0xbf, 0x1e, 0xfb, 0xe7, 0xfc, 0xd7, 0xe1, 0x29, 0xdf, 0x08,
  0xa3, 0xcb, 0xdb, 0xda, 0x38, 0x14, 0xf8, 0x4b, 0xe3, 0xe6, 0xdb, 0x52,
  0x81, 0x27, 0x10, 0xeb, 0x14, 0x1c, 0xdd, 0xe4, 0xf7, 0xf0, 0xb8, 0x7b,
  0xa2, 0xbc, 0x4a, 0x5b, 0x37, 0x26, 0x3a, 0x42, 0xb2, 0x91, 0xd6, 0x03,
  0x8d, 0x18, 0x55, 0xff, 0x22, 0x1e, 0x97, 0x1d, 0x95, 0xea, 0x1f, 0x69,
  0x99, 0x41, 0xfc, 0xa3, 0x0f, 0x9e, 0xe1, 0x41, 0x4a, 0x0e, 0x5e, 0xea,
  0xf9, 0xbc, 0x29, 0xe3, 0xdd, 0x04, 0x91, 0x0d, 0x5e, 0x81, 0x09, 0xf4,
  0x95, 0x25, 0x43, 0x33, 0xf7, 0xed, 0xdf, 0xdd, 0x64, 0x96, 0x5d, 0xcf,
  0xa4, 0x10, 0x0e, 0xb7, 0xf2, 0xf8, 0x30, 0xfa, 0xec, 0x1c, 0xfd, 0xd6,
  0x3d, 0x41, 0x24, 0xba, 0x45, 0x24, 0x4b, 0x36, 0x0c, 0x34, 0xd3, 0x68,
  0x12, 0xac, 0xb3, 0x6c, 0x41, 0x43, 0xb3, 0x0a, 0x1b, 0xe5, 0x2b, 0x00,
  0xbd, 0x55, 0xd8, 0xf6, 0x2d, 0xeb, 0xe0, 0x02, 0xb0, 0x39, 0x23, 0x57,
  0x88, 0x2d, 0xe7, 0x5f, 0x49, 0xc3, 0x19, 0xdb, 0xec, 0xfb, 0xe2, 0xcf,
  0x9a, 0x17, 0xd1, 0x21, 0x79, 0xd3, 0x3e, 0xbe, 0xc0, 0x97, 0x17, 0x7f,
  0x18, 0xcf, 0x4e, 0x64, 0xe0, 0xa7, 0xff, 0xff, 0xe4, 0xa7, 0xff, 0xff,
  0xe8, 0xa7, 0xff, 0xff, 0x3a, 0xe9, 0xff, 0xff, 0x04, 0x00, 0x00, 0x00,
  0x60, 0x00, 0x00, 0x00, 0x00, 0x00, 0x00, 0x00, 0x00, 0x00, 0x00, 0x00,
  0x00, 0x00, 0x00, 0x00, 0x00, 0x00, 0x00, 0x00, 0x00, 0x00, 0x00, 0x00,
  0x00, 0x00, 0x00, 0x00, 0x00, 0x00, 0x00, 0x00, 0x00, 0x00, 0x00, 0x00,
  0x00, 0x00, 0x00, 0x00, 0x00, 0x00, 0x00, 0x00, 0x00, 0x00, 0x00, 0x00,
  0x00, 0x00, 0x00, 0x00, 0x00, 0x00, 0x00, 0x00, 0x00, 0x00, 0x00, 0x00,
  0x00, 0x00, 0x00, 0x00, 0x00, 0x00, 0x00, 0x00, 0x00, 0x00, 0x00, 0x00,
  0x00, 0x00, 0x00, 0x00, 0x00, 0x00, 0x00, 0x00, 0x00, 0x00, 0x00, 0x00,
  0x00, 0x00, 0x00, 0x00, 0x00, 0x00, 0x00, 0x00, 0x00, 0x00, 0x00, 0x00,
  0x00, 0x00, 0x00, 0x00, 0xa6, 0xe9, 0xff, 0xff, 0x04, 0x00, 0x00, 0x00,
  0x18, 0x00, 0x00, 0x00, 0xeb, 0xaa, 0x7f, 0xb7, 0xc1, 0x8d, 0xc2, 0xb5,
  0xc1, 0x80, 0xae, 0xa6, 0xd0, 0x07, 0x9c, 0xd4, 0xdd, 0x80, 0x31, 0xb5,
  0xa5, 0xe1, 0xb5, 0xb4, 0xca, 0xe9, 0xff, 0xff, 0x04, 0x00, 0x00, 0x00,
  0xc0, 0x06, 0x00, 0x00, 0xba, 0x08, 0x60, 0xbc, 0x4d, 0x33, 0x3f, 0x07,
  0x47, 0xa3, 0xb0, 0x9c, 0x04, 0xab, 0x9e, 0x8c, 0xdf, 0xbf, 0xc2, 0xa9,
  0x74, 0xdd, 0xe6, 0x07, 0x14, 0x09, 0xbc, 0x01, 0x40, 0xea, 0xb5, 0x6c,
  0x7f, 0xfe, 0xcd, 0xf8, 0x32, 0x0f, 0xa1, 0x0e, 0xb2, 0x6b, 0x00, 0xc6,
  0x03, 0xde, 0x53, 0x8a, 0x0b, 0x21, 0x16, 0x5d, 0x73, 0x26, 0xc4, 0x6b,
  0x07, 0xc5, 0x2b, 0xee, 0x4f, 0xa4, 0x96, 0xb0, 0xa5, 0x3d, 0x1c, 0x21,
  0xd2, 0x22, 0x19, 0xc8, 0xbe, 0x81, 0xa8, 0xcc, 0xeb, 0xfa, 0xc1, 0x9e,
  0xf7, 0xf5, 0x22, 0x49, 0xb4, 0x01, 0xdc, 0x0e, 0x4d, 0x0b, 0x1d, 0x2d,
  0x1b, 0xaf, 0x20, 0xe5, 0x36, 0x25, 0xc4, 0x0f, 0x4a, 0x10, 0x2c, 0x36,
  0x28, 0x18, 0xcd, 0xac, 0x51, 0xbc, 0xdd, 0xf1, 0xe7, 0xd6, 0xa7, 0xd9,
  0x41, 0x0b, 0xf9, 0x31, 0xdf, 0xd0, 0x2f, 0xfc, 0xc3, 0xa9, 0x22, 0x2f,
  0x0b, 0x41, 0x48, 0xf6, 0x4e, 0x12, 0x2c, 0xac, 0xeb, 0xf1, 0xe7, 0xfa,
  0xca, 0x21, 0xb5, 0x05, 0xb9, 0xca, 0xd2, 0x07, 0x12, 0x09, 0xb5, 0x3e,
  0x59, 0xc2, 0x91, 0x4b, 0x5c, 0x1a, 0x00, 0x5d, 0x2b, 0xd9, 0x38, 0xf5,
  0x4d, 0x49, 0x58, 0xf3, 0x20, 0xff, 0xdd, 0xa7, 0x1c, 0xa9, 0x8b, 0xdb,
  0xf7, 0x27, 0xdb, 0x47, 0x3c, 0x1f, 0x72, 0x95, 0x21, 0xaa, 0xc2, 0x5a,
  0xaa, 0x29, 0x68, 0xae, 0x66, 0xf9, 0xe9, 0x3a, 0x81, 0x1a, 0xde, 0x53,
  0x12, 0x5b, 0xc6, 0xe2, 0x0e, 0xf6, 0xaf, 0x31, 0x07, 0x23, 0xe0, 0x2a,
  0x0a, 0x9e, 0xb8, 0x57, 0x21, 0xc8, 0x00, 0xea, 0x3c, 0xf7, 0xbf, 0x59,
  0x27, 0xc3, 0xfb, 0xbe, 0x38, 0xe9, 0xb5, 0x36, 0xd3, 0x1f, 0x4a, 0x52,
  0xd9, 0x05, 0x3f, 0xbd, 0x81, 0x21, 0xdb, 0x4a, 0x24, 0xcb, 0xbd, 0x46,
  0x0f, 0xf0, 0xa0, 0x6a, 0x40, 0x9e, 0x97, 0x07, 0x56, 0xe4, 0xd1, 0xd9,
  0xf4, 0xd9, 0x42, 0xea, 0xbe, 0xcb, 0xc9, 0xc3, 0x69, 0xa8, 0xb8, 0xe9,
  0xbf, 0x07, 0xee, 0x48, 0x48, 0xb6, 0x45, 0x4a, 0x24, 0xf7, 0xd6, 0xee,
  0x2b, 0xda, 0x53, 0x6e, 0xe4, 0xe4, 0xdc, 0xe3, 0x27, 0xd2, 0x08, 0x21,
  0xf5, 0xca, 0xe3, 0xee, 0x23, 0x2f, 0xbe, 0xf2, 0xf7, 0x03, 0xd6, 0x0f,
  0x34, 0x22, 0xe2, 0xc2, 0x99, 0xfb, 0x1d, 0xf0, 0xdc, 0xc2, 0x2b, 0x42,
  0xfc, 0xff, 0xe0, 0x17, 0xfc, 0x1e, 0xda, 0xe4, 0x03, 0x11, 0x32, 0xf9,
  0x1a, 0x0e, 0x3d, 0xba, 0x81, 0xfb, 0xc3, 0x16, 0xf2, 0xdc, 0x2b, 0x08,
  0x46, 0x35, 0xba, 0x1a, 0xf8, 0x2d, 0xd2, 0x13, 0xb9, 0xc5, 0xcb, 0x0f,
  0x16, 0x90, 0x1a, 0x31, 0x91, 0xc1, 0x9d, 0x92, 0x3e, 0x59, 0x00, 0xb8,
  0xfe, 0x30, 0xbb, 0xc3, 0xd2, 0xa7, 0x3f, 0xb1, 0xce, 0xd3, 0x9e, 0x36,
  0xfe, 0xf5, 0xad, 0x0c, 0x8c, 0x14, 0x81, 0x07, 0xaa, 0x13, 0xbc, 0x35,
  0xa6, 0x49, 0x29, 0x07, 0xfe, 0x3e, 0x0e, 0x33, 0x29, 0x51, 0x43, 0xd3,
  0x1d, 0x06, 0x1f, 0xb4, 0x1a, 0x12, 0x4e, 0x49, 0xea, 0x99, 0x16, 0xce,
  0x38, 0xd0, 0xa4, 0x3f, 0x29, 0x00, 0xa3, 0xcf, 0x2a, 0x25, 0x1a, 0xd8,
  0xaf, 0x24, 0x0f, 0xf9, 0x3b, 0x3a, 0x1f, 0x25, 0x07, 0x11, 0xb4, 0x43,
  0x38, 0x2c, 0x03, 0x07, 0xe3, 0x29, 0x44, 0xe2, 0xcf, 0x13, 0xe2, 0xe6,
  0x36, 0xc3, 0x1b, 0x3e, 0x0a, 0xfe, 0xb3, 0xec, 0x29, 0xe8, 0x18, 0x45,
  0xef, 0xf9, 0x1c, 0xdb, 0x1c, 0x06, 0x16, 0x00, 0xc6, 0xca, 0xd3, 0x28,
  0xb9, 0x2f, 0xc1, 0x29, 0x0c, 0xe5, 0x81, 0xd2, 0x19, 0xee, 0x1f, 0x44,
  0x2b, 0x20, 0xd5, 0x1a, 0xf1, 0x04, 0x42, 0x00, 0x29, 0xf6, 0xf4, 0xe6,
  0x2b, 0x57, 0x13, 0xdb, 0xf9, 0xf8, 0xac, 0x2d, 0xc1, 0xb8, 0xc3, 0xd6,
  0x30, 0x9b, 0xa8, 0xd8, 0x5d, 0x09, 0xae, 0x38, 0x18, 0xa8, 0xe4, 0x89,
  0xc6, 0xf7, 0xf6, 0xde, 0xda, 0x84, 0xa5, 0xbf, 0x0b, 0x0c, 0x1d, 0xb2,
  0xdb, 0x97, 0xd1, 0x61, 0x34, 0xc7, 0x32, 0x94, 0xe1, 0xca, 0xa9, 0x7b,
  0x6d, 0xe5, 0xaf, 0xe4, 0x93, 0x4b, 0x8f, 0xde, 0x0e, 0xf0, 0x99, 0x0d,
  0x9f, 0xe0, 0xea, 0x64, 0x67, 0xb4, 0x1a, 0xe2, 0xa3, 0x0a, 0xd9, 0x52,
  0x51, 0x23, 0x7f, 0x2e, 0xe3, 0x44, 0x6c, 0x2d, 0x49, 0xe3, 0x5f, 0x0c,
  0x20, 0xe9, 0x78, 0x06, 0xa4, 0x5c, 0x13, 0xe0, 0xdd, 0x9a, 0x4f, 0x10,
  0x41, 0xfc, 0x17, 0x08, 0x6e, 0x13, 0x28, 0xc0, 0x3a, 0x7d, 0x25, 0xa6,
  0x82, 0x03, 0x97, 0x5c, 0x0a, 0x79, 0xdb, 0x6f, 0x6d, 0x61, 0x02, 0xd2,
  0x0d, 0xcd, 0xe1, 0x55, 0x7f, 0x25, 0xfa, 0xc6, 0x57, 0xec, 0x0e, 0xb9,
  0x01, 0x19, 0x60, 0x76, 0x25, 0xd5, 0xca, 0x39, 0xe5, 0x66, 0xb6, 0xdd,
  0x3f, 0x63, 0xfc, 0x6b, 0x03, 0x5c, 0x0d, 0xe4, 0x81, 0xd3, 0x0a, 0x27,
  0xd9, 0x4b, 0xfd, 0x23, 0xfb, 0xbc, 0x2f, 0x52, 0x49, 0x9b, 0xfa, 0x3b,
  0xee, 0xc9, 0x08, 0xd1, 0x29, 0xea, 0x76, 0xc1, 0xad, 0x23, 0x3e, 0xf2,
  0xa5, 0xf8, 0x03, 0xca, 0x40, 0xca, 0x9d, 0xb6, 0xf1, 0xbb, 0x15, 0x96,
  0x42, 0x51, 0x49, 0x3a, 0xd4, 0x91, 0x07, 0x07, 0xfa, 0x20, 0x8f, 0xe6,
  0x90, 0x28, 0x2e, 0xd5, 0x01, 0xb0, 0xbd, 0xe9, 0xe8, 0x41, 0x84, 0x20,
  0xc7, 0x29, 0xca, 0xd6, 0x2a, 0x97, 0xe3, 0x33, 0xbd, 0xa9, 0x98, 0x07,
  0x3f, 0xe2, 0x2c, 0xa6, 0xc6, 0x5a, 0xbf, 0x98, 0xcb, 0xbe, 0xca, 0xf3,
  0x9a, 0xac, 0xea, 0xe3, 0x0e, 0x58, 0xae, 0xf1, 0xf7, 0x32, 0xb5, 0xba,
  0xd9, 0xd4, 0xde, 0x42, 0x81, 0x5b, 0xfc, 0xe9, 0xeb, 0x14, 0xba, 0xcf,
  0x5a, 0xbb, 0x1f, 0xe5, 0xf2, 0x0c, 0x2b, 0xe4, 0x47, 0xf7, 0x96, 0x00,
  0x23, 0xee, 0xb8, 0xb2, 0x8b, 0x28, 0x0c, 0xf9, 0xbc, 0x1a, 0x02, 0xb8,
  0xc6, 0x30, 0xd1, 0x15, 0xd2, 0x25, 0xcb, 0xea, 0xc9, 0xe3, 0xea, 0x11,
  0x00, 0xee, 0xe6, 0x20, 0xea, 0xc5, 0x2c, 0xe8, 0xf0, 0xbd, 0x02, 0xca,
  0x1d, 0xb9, 0x23, 0x06, 0xef, 0xd5, 0x0b, 0x13, 0x1e, 0xc5, 0xf9, 0x35,
  0x1d, 0x17, 0x30, 0xf7, 0x29, 0xdd, 0x2f, 0x32, 0x2a, 0xcd, 0xeb, 0xea,
  0x24, 0xaa, 0xf1, 0xe9, 0xdb, 0x28, 0xe8, 0xde, 0xc3, 0x2a, 0x07, 0x40,
  0x3f, 0x16, 0x2c, 0xdd, 0x08, 0xca, 0x29, 0x23, 0x15, 0xdd, 0xcf, 0xcf,
  0xf7, 0x7f, 0xd9, 0x31, 0xa2, 0x0a, 0x1d, 0xcf, 0xe6, 0xf9, 0x22, 0x46,
  0xb1, 0xd5, 0x41, 0x3b, 0xb0, 0x39, 0x49, 0x48, 0xae, 0xdb, 0x45, 0xed,
  0x43, 0x09, 0xae, 0xe5, 0x06, 0xc5, 0xf2, 0xe6, 0x38, 0x0c, 0x2f, 0x3b,
  0x0b, 0x2f, 0xba, 0x09, 0x2c, 0xb9, 0x25, 0x4a, 0xda, 0x2a, 0xcb, 0xfe,
  0x29, 0xff, 0xc1, 0x35, 0xbe, 0x21, 0x30, 0x2f, 0xe1, 0xb7, 0xe2, 0xcc,
  0xb3, 0x02, 0x1f, 0xb8, 0x0d, 0x52, 0xcc, 0xcc, 0xa8, 0xed, 0x35, 0xa8,
  0xc4, 0x81, 0xbb, 0x16, 0xaf, 0x8e, 0xf5, 0xd2, 0x4a, 0x11, 0xad, 0xbb,
  0xe3, 0x07, 0xcb, 0xd7, 0xc4, 0xda, 0x4e, 0xe6, 0xa8, 0xd9, 0xc9, 0xe6,
  0x74, 0x1f, 0x58, 0x39, 0x81, 0xf7, 0xca, 0xd9, 0x2e, 0xfb, 0x0c, 0x27,
  0xc2, 0xe0, 0x0e, 0x4b, 0xb3, 0x54, 0xe3, 0xfb, 0x55, 0xc7, 0xb1, 0x04,
  0xf4, 0x2e, 0xff, 0x19, 0x06, 0x95, 0x2c, 0x29, 0x55, 0x27, 0x67, 0x40,
  0xee, 0x54, 0xdb, 0xd1, 0xe5, 0x32, 0x06, 0xb4, 0xbb, 0x44, 0x47, 0x14,
  0xbe, 0x28, 0xdb, 0x0e, 0x0f, 0x3b, 0xc6, 0x48, 0xd7, 0x13, 0xf0, 0x15,
  0x49, 0xf3, 0xcc, 0x51, 0x52, 0xb4, 0x1d, 0x20, 0x36, 0xb4, 0xe8, 0xab,
  0x3e, 0x81, 0x37, 0x08, 0x99, 0xca, 0x9c, 0xf1, 0x5d, 0x13, 0xc0, 0xdc,
  0xc1, 0xeb, 0xe3, 0x25, 0xbf, 0xba, 0xd5, 0xb1, 0x16, 0xd1, 0x1e, 0xcb,
  0x42, 0xb4, 0x3a, 0xcc, 0x1a, 0xed, 0x2c, 0x3d, 0x25, 0x3b, 0xb3, 0x59,
  0x72, 0xc0, 0x40, 0x4b, 0x22, 0xf1, 0xd8, 0xcc, 0xd7, 0x32, 0xdb, 0x50,
  0xe1, 0xdb, 0xcd, 0xc6, 0x81, 0x18, 0xdd, 0xac, 0xef, 0x1f, 0xb5, 0xbd,
  0x10, 0xba, 0x02, 0xdf, 0xd5, 0x6d, 0x58, 0xf6, 0x55, 0x37, 0x99, 0x3b,
  0x1d, 0x01, 0x99, 0x03, 0x3d, 0xc0, 0x51, 0xda, 0x12, 0x9e, 0x35, 0x1d,
  0x5b, 0x49, 0x50, 0x9f, 0xb9, 0x0b, 0xf3, 0xec, 0x9d, 0x33, 0x1f, 0x18,
  0x70, 0xae, 0xc2, 0xf1, 0x24, 0x28, 0x3e, 0x3b, 0xff, 0xb7, 0x34, 0x0a,
  0x40, 0xa4, 0x30, 0x44, 0x59, 0x51, 0xa1, 0x23, 0xbc, 0xe6, 0x75, 0xf6,
  0xec, 0xbe, 0x44, 0x14, 0x03, 0xeb, 0x9f, 0xc4, 0x41, 0xca, 0xa2, 0xa6,
  0x6b, 0x4d, 0xa3, 0x62, 0xb4, 0xc2, 0x10, 0xd0, 0x31, 0x3e, 0x81, 0xfc,
  0x02, 0xc3, 0x2b, 0x43, 0xc5, 0xde, 0x1f, 0xb7, 0xd5, 0xdd, 0x59, 0x22,
  0xb3, 0xd3, 0x9b, 0xca, 0x1d, 0x63, 0x15, 0x14, 0x4d, 0xf5, 0xe7, 0x01,
  0x50, 0xa9, 0xd1, 0xd6, 0x2a, 0x39, 0xc5, 0xff, 0xc6, 0xf1, 0x59, 0xbd,
  0xe3, 0x42, 0x9f, 0xf0, 0xab, 0x4e, 0x91, 0x3f, 0x23, 0x57, 0x9f, 0xaa,
  0xf2, 0x36, 0x59, 0x21, 0x5b, 0xe1, 0x2e, 0xce, 0x5e, 0xd8, 0x1e, 0xfb,
  0xa5, 0x0f, 0xf4, 0x65, 0xc7, 0x3c, 0x1c, 0x02, 0xc7, 0xd4, 0x48, 0x6f,
  0xeb, 0xab, 0x97, 0x62, 0x0a, 0x33, 0x5e, 0xd1, 0x8e, 0x72, 0x87, 0x96,
  0x4a, 0x8e, 0x17, 0x13, 0x57, 0x13, 0x53, 0xa2, 0x99, 0x3d, 0x38, 0x94,
  0x39, 0x98, 0xee, 0x69, 0xdf, 0x49, 0xd3, 0xe4, 0x0c, 0xc9, 0x85, 0xc7,
  0xdf, 0xfc, 0x28, 0x40, 0xfb, 0x5d, 0x77, 0x10, 0xa9, 0xa4, 0x25, 0x7f,
  0x8a, 0x7a, 0xbb, 0xf4, 0x90, 0x5a, 0xc5, 0x72, 0x18, 0x30, 0x1c, 0x55,
  0xb8, 0x49, 0xc3, 0xd0, 0x2b, 0xb3, 0x2c, 0x58, 0x5d, 0x15, 0x00, 0x3c,
  0x51, 0x1d, 0x19, 0xb2, 0x26, 0xf3, 0xfb, 0xca, 0x17, 0xb6, 0xee, 0xcf,
  0xfc, 0x59, 0x27, 0x64, 0xcf, 0xb9, 0x49, 0x54, 0xfc, 0xf7, 0x63, 0x3a,
  0xe8, 0xc5, 0x5b, 0x13, 0xd0, 0x2b, 0x7d, 0xe6, 0x64, 0x0e, 0x62, 0x2e,
  0xef, 0x76, 0xca, 0xd4, 0xd5, 0xde, 0xa7, 0x93, 0xff, 0xfb, 0x0f, 0xdb,
  0x7f, 0xb1, 0xa1, 0x1e, 0xfd, 0xd7, 0x9f, 0x64, 0xba, 0xd9, 0x2d, 0x81,
  0x73, 0xb7, 0x5a, 0x5e, 0xbd, 0x5f, 0x5b, 0xab, 0xaf, 0x4f, 0x40, 0x44,
  0x17, 0x93, 0xd5, 0x1a, 0x85, 0xa2, 0x0d, 0x03, 0x3d, 0x30, 0x2f, 0x01,
  0xe2, 0x71, 0x51, 0xde, 0x70, 0x99, 0xc1, 0x50, 0x3a, 0x4d, 0x07, 0x96,
  0xbe, 0x28, 0x36, 0x51, 0x26, 0x64, 0xc4, 0xda, 0xaf, 0x92, 0xd0, 0xe4,
  0xe9, 0x57, 0x9b, 0xe6, 0x67, 0x1f, 0xce, 0x54, 0x3f, 0x40, 0x0a, 0x1b,
  0xb6, 0xa4, 0x07, 0xef, 0xf3, 0x56, 0xcc, 0x14, 0x5f, 0x00, 0x37, 0x7a,
  0x53, 0x49, 0xda, 0xf1, 0x79, 0x63, 0x73, 0x40, 0x69, 0xfc, 0x83, 0xe7,
  0x07, 0x52, 0xe6, 0x30, 0x0a, 0xb3, 0x05, 0x11, 0xe6, 0x98, 0x6f, 0x24,
  0xfe, 0x26, 0xa9, 0x20, 0xe0, 0x33, 0xc9, 0x33, 0x65, 0x5b, 0x27, 0x2c,
  0xc9, 0x23, 0xcc, 0x73, 0x52, 0x25, 0xea, 0xac, 0x49, 0xff, 0x08, 0x65,
  0x94, 0xed, 0x29, 0xa6, 0xc7, 0xdb, 0xb1, 0xe2, 0xd6, 0x7f, 0xcf, 0xd7,
  0xd6, 0xd0, 0x77, 0x34, 0x89, 0x2d, 0xd7, 0xfb, 0x3b, 0xbd, 0x36, 0x0d,
  0xbf, 0x2c, 0xe1, 0xe8, 0xd6, 0x55, 0x30, 0xb1, 0xba, 0xd3, 0x20, 0x46,
  0x52, 0xd0, 0xe4, 0x39, 0x1e, 0xe2, 0xdb, 0x0b, 0x4b, 0xad, 0xf7, 0xaa,
  0x3f, 0xd8, 0x32, 0xbc, 0xc1, 0xe6, 0xce, 0xbe, 0xfd, 0x06, 0x02, 0x01,
  0x65, 0xe6, 0xdf, 0x13, 0x07, 0xcd, 0x8a, 0x4c, 0x0d, 0xe4, 0x70, 0x29,
  0x5c, 0xa3, 0xb5, 0xc8, 0x4d, 0xfa, 0x2f, 0x34, 0xf8, 0x52, 0xf3, 0xef,
  0x02, 0x81, 0x55, 0xc0, 0x16, 0x09, 0x20, 0x85, 0xd7, 0x41, 0x27, 0xb2,
  0x52, 0x0d, 0x10, 0xc4, 0x34, 0x4a, 0xc2, 0x12, 0xdb, 0xfb, 0x05, 0x44,
  0x81, 0xcf, 0x3b, 0x17, 0xe4, 0x0d, 0xb0, 0xc1, 0x3d, 0x94, 0xa9, 0xc7,
  0xb8, 0x41, 0xbd, 0xf8, 0x20, 0xec, 0x21, 0x50, 0x33, 0x47, 0x15, 0xc4,
  0x4d, 0x60, 0x16, 0x53, 0xc6, 0x4b, 0xbe, 0x3f, 0x0c, 0x9d, 0x41, 0xb0,
  0x4f, 0xd6, 0x6b, 0xae, 0x2b, 0x8d, 0xf3, 0xc3, 0x1a, 0xa8, 0x9c, 0xd1,
  0x4e, 0x21, 0xf3, 0x2c, 0x5f, 0x81, 0x88, 0x24, 0xbe, 0x2c, 0xf0, 0xbd,
  0x83, 0x51, 0xbf, 0xba, 0xfd, 0xe5, 0x75, 0xe5, 0x34, 0xd2, 0xac, 0x12,
  0x26, 0x20, 0x32, 0xa1, 0x10, 0xb5, 0x08, 0x39, 0xcb, 0xa7, 0xf7, 0x08,
  0xa3, 0x67, 0x63, 0xa5, 0xa5, 0xa2, 0x40, 0x31, 0x00, 0x34, 0x8a, 0x0c,
  0x27, 0x00, 0xf3, 0x20, 0x2e, 0xde, 0x2f, 0x35, 0xc3, 0x57, 0x18, 0xf5,
  0xb9, 0x6f, 0xe9, 0x36, 0x06, 0x14, 0xa5, 0x41, 0x26, 0x35, 0xce, 0x5c,
  0xe3, 0x4e, 0x39, 0x74, 0x96, 0xf0, 0xff, 0xff, 0x04, 0x00, 0x00, 0x00,
  0x18, 0x00, 0x00, 0x00, 0x3c, 0x15, 0x09, 0x77, 0x80, 0x13, 0x54, 0x1f,
  0x77, 0x98, 0xb3, 0x24, 0x55, 0x1a, 0x12, 0x25, 0x2b, 0x0e, 0x5c, 0x21,
  0x7b, 0x5f, 0x57, 0xf1, 0xba, 0xf0, 0xff, 0xff, 0x04, 0x00, 0x00, 0x00,
  0xc0, 0x06, 0x00, 0x00, 0x3b, 0x28, 0x01, 0x82, 0x2b, 0xac, 0xba, 0xcd,
  0xe2, 0x1e, 0xb5, 0x18, 0x4e, 0xc6, 0x81, 0x9c, 0xf9, 0x4f, 0xb5, 0x97,
  0x93, 0x38, 0xf9, 0xd1, 0x09, 0x6a, 0x30, 0xd7, 0x2b, 0x54, 0xc0, 0x26,
  0xf6, 0xf7, 0x3a, 0xf0, 0x9e, 0x46, 0x90, 0xe7, 0x41, 0xb4, 0x51, 0x4b,
  0x3d, 0xfd, 0x3b, 0xc0, 0x1c, 0x25, 0xc5, 0x56, 0x7f, 0xbd, 0x20, 0x48,
  0x12, 0xe8, 0x22, 0xd2, 0xb0, 0x9a, 0xf4, 0xea, 0xd1, 0xdd, 0xc3, 0x24,
  0xc2, 0xf3, 0xb8, 0x74, 0xf3, 0x2f, 0xcf, 0x62, 0x14, 0xe9, 0xea, 0xf2,
  0xb7, 0xd9, 0x21, 0xd1, 0x45, 0x55, 0xb9, 0x6a, 0x0a, 0x03, 0xc6, 0x62,
  0x21, 0xc6, 0x11, 0x9f, 0x0f, 0xfb, 0x37, 0xab, 0xb9, 0x03, 0xfc, 0x92,
  0xbf, 0xd4, 0x2f, 0xa8, 0x98, 0x39, 0xcc, 0xc7, 0xce, 0x98, 0xa8, 0x0e,
  0xf4, 0x15, 0xfe, 0x45, 0x78, 0xf7, 0xaf, 0xe7, 0xdf, 0x9f, 0xd8, 0xdc,
  0x2f, 0x37, 0x0b, 0x45, 0x5a, 0x43, 0x52, 0xe6, 0x18, 0x4b, 0x92, 0x54,
  0x81, 0xb0, 0xb5, 0xb5, 0x29, 0x62, 0xbf, 0x08, 0xca, 0x17, 0xe7, 0x64,
  0xd8, 0x45, 0xe9, 0x2b, 0x04, 0xf4, 0xbc, 0x0c, 0x17, 0x19, 0xed, 0x3e,
  0x2e, 0xe1, 0xd9, 0xf8, 0x42, 0x52, 0xbb, 0xd9, 0x4e, 0x17, 0xd5, 0x24,
  0xf7, 0x20, 0xd4, 0x3e, 0x3b, 0xba, 0x53, 0x33, 0x5c, 0x2f, 0x23, 0xfd,
  0xe1, 0x4b, 0xae, 0x5b, 0xf3, 0x45, 0x55, 0x56, 0xac, 0xdc, 0x19, 0x5e,
  0xad, 0x1d, 0x4c, 0xed, 0xe4, 0x28, 0xd4, 0x7f, 0xfd, 0xb8, 0x1d, 0x51,
  0xd1, 0xca, 0xf5, 0xe2, 0x9c, 0xea, 0x1b, 0xf5, 0x37, 0x9a, 0x4c, 0x9c,
  0xae, 0x04, 0xc4, 0xda, 0x2f, 0xd3, 0xbe, 0xf3, 0x97, 0x1e, 0x13, 0x20,
  0x36, 0x52, 0xd4, 0x13, 0x2b, 0xef, 0xab, 0xb0, 0x71, 0xb1, 0x06, 0x06,
  0xe3, 0xd7, 0x68, 0x47, 0x94, 0xe9, 0x2e, 0xe6, 0xbe, 0x2c, 0x22, 0x4c,
  0x1f, 0x65, 0xd5, 0x36, 0x7f, 0xce, 0x13, 0x9c, 0xb2, 0xd8, 0x64, 0xf6,
  0x0b, 0xc1, 0x5d, 0x39, 0x2e, 0xeb, 0x51, 0xb1, 0x32, 0x3b, 0xfa, 0xeb,
  0x11, 0xbc, 0xfb, 0x1c, 0x64, 0x03, 0xf4, 0x2a, 0xd3, 0xbe, 0x5f, 0x2b,
  0x13, 0xea, 0xa9, 0xa2, 0x5f, 0x1b, 0x25, 0x7f, 0xd0, 0xe5, 0xa7, 0xff,
  0x1c, 0x30, 0x91, 0x2c, 0xf9, 0x50, 0x55, 0xba, 0x4c, 0xbf, 0xaa, 0xad,
  0xde, 0x55, 0x00, 0xdf, 0x27, 0xf4, 0xd1, 0x72, 0x37, 0xe0, 0xd8, 0x7c,
  0xa9, 0x4a, 0xcd, 0x4c, 0xcc, 0x19, 0x38, 0x3c, 0xb4, 0x30, 0x32, 0x66,
  0x13, 0xc7, 0xb8, 0xa9, 0xf4, 0x08, 0x0b, 0x69, 0xf4, 0x62, 0x03, 0x15,
  0xf2, 0xb1, 0x10, 0x16, 0xb2, 0x16, 0x08, 0xd7, 0x2d, 0xbc, 0xb0, 0xaf,
  0x88, 0x8d, 0x30, 0xc3, 0x9e, 0xd0, 0xb3, 0xb2, 0x0c, 0xd9, 0xf2, 0x24,
  0x45, 0x46, 0x54, 0xb5, 0x4f, 0xea, 0xc3, 0x8a, 0xea, 0x8b, 0x15, 0x81,
  0x32, 0xd8, 0xbc, 0x95, 0xcd, 0x98, 0xc1, 0x82, 0xfa, 0xd9, 0xe5, 0xfd,
  0x96, 0xca, 0xd4, 0xb8, 0x42, 0x5f, 0x31, 0x55, 0x27, 0x01, 0x9d, 0xf0,
  0xbd, 0xa3, 0xa7, 0xa2, 0xa6, 0xf6, 0x0f, 0x43, 0xf3, 0xfd, 0x2f, 0xd9,
  0xf7, 0xab, 0xdc, 0xb9, 0x16, 0xf5, 0xa0, 0x56, 0x76, 0x5a, 0xb9, 0xd0,
  0xb3, 0x45, 0x6c, 0xc4, 0xb0, 0x98, 0x10, 0x4a, 0x5b, 0x8d, 0xde, 0x86,
  0x19, 0x72, 0x53, 0x49, 0xce, 0x30, 0xeb, 0xf0, 0xa2, 0x94, 0xc9, 0xfe,
  0x65, 0xce, 0x1f, 0xfa, 0xad, 0x15, 0x8f, 0x67, 0x47, 0x81, 0x14, 0x8d,
  0x95, 0xb5, 0x35, 0xcf, 0x15, 0xfd, 0xb8, 0x04, 0xaa, 0xa4, 0xc2, 0x17,
  0xc1, 0x55, 0xf2, 0x32, 0xac, 0x1b, 0xf0, 0xbb, 0x8b, 0xe2, 0x1d, 0xad,
  0xd6, 0x05, 0xda, 0x4c, 0x3c, 0x57, 0x30, 0xb8, 0xce, 0x35, 0x65, 0xf7,
  0xd1, 0x1f, 0x7f, 0xe7, 0x6d, 0x58, 0x0e, 0x1e, 0xfc, 0x1f, 0xfa, 0x28,
  0x94, 0xf0, 0xc9, 0x4c, 0x37, 0x52, 0x07, 0xfb, 0x73, 0x26, 0x66, 0x38,
  0x81, 0x35, 0x4c, 0xba, 0x0e, 0xb0, 0xe8, 0xf9, 0x46, 0xd1, 0x24, 0x96,
  0x2d, 0x2d, 0xa5, 0x20, 0xf9, 0x5f, 0x03, 0x91, 0xc4, 0xa3, 0xef, 0xff,
  0xf8, 0x17, 0x1c, 0xc8, 0xc0, 0x44, 0x03, 0xe9, 0x16, 0x5d, 0xd4, 0x9e,
  0x4d, 0xb5, 0x2f, 0xdf, 0xe5, 0xc5, 0x8f, 0xa6, 0x25, 0x86, 0xbc, 0x34,
  0xf5, 0x43, 0xad, 0x02, 0xd4, 0x21, 0x60, 0x04, 0xdb, 0x4e, 0x03, 0xaa,
  0x38, 0xaf, 0x84, 0x59, 0xd6, 0x7f, 0x4a, 0x04, 0x29, 0x11, 0x15, 0xbe,
  0x81, 0x6b, 0x5f, 0x90, 0xf5, 0x52, 0x91, 0x5d, 0x39, 0xfd, 0xd7, 0x33,
  0x8e, 0x22, 0x07, 0xd4, 0xc8, 0x6d, 0x96, 0x13, 0xcc, 0x46, 0x65, 0xf4,
  0x03, 0x40, 0x1e, 0x8d, 0x1b, 0xeb, 0xbb, 0xbc, 0xb1, 0x30, 0xfb, 0xdf,
  0x11, 0xb0, 0xb9, 0x00, 0xae, 0xd3, 0x5f, 0xc5, 0x11, 0x3e, 0x59, 0x81,
  0x60, 0xe6, 0xf2, 0xbb, 0xdf, 0xb9, 0xc0, 0xd6, 0xdb, 0x54, 0xf0, 0xcb,
  0x2c, 0x34, 0xd9, 0x37, 0xbe, 0x4b, 0xfd, 0xd3, 0x44, 0x07, 0x0d, 0xd2,
  0x1f, 0xc5, 0xcc, 0x62, 0xc6, 0xb7, 0x14, 0xb6, 0xae, 0x9e, 0x00, 0xef,
  0x0f, 0x41, 0x5e, 0x33, 0xce, 0xda, 0xb2, 0x4e, 0x46, 0x4d, 0xc2, 0x97,
  0x39, 0x19, 0xe3, 0x2f, 0xa6, 0xc4, 0x0c, 0x9d, 0x23, 0x24, 0x33, 0xa4,
  0x0c, 0xfb, 0x15, 0x26, 0x7f, 0x20, 0x15, 0xe5, 0x33, 0xbd, 0xea, 0xf5,
  0xf1, 0x5b, 0x5d, 0xd4, 0x0a, 0xf6, 0x23, 0x5d, 0xc9, 0xc4, 0x44, 0x35,
  0x44, 0xa8, 0x40, 0xe0, 0x50, 0xfd, 0xc8, 0x4f, 0x05, 0x23, 0xfb, 0x48,
  0x5b, 0x61, 0x9e, 0x24, 0xeb, 0xaf, 0x23, 0x08, 0xe4, 0x4a, 0xe5, 0x2a,
  0x56, 0xdf, 0xbe, 0x38, 0xcb, 0x1d, 0x42, 0xed, 0x2b, 0xd1, 0x33, 0x4f,
  0x9e, 0x3f, 0xb9, 0x53, 0xc9, 0x52, 0xc6, 0x2f, 0xa8, 0xe4, 0x11, 0x32,
  0xfb, 0x05, 0x1e, 0x17, 0xb3, 0x48, 0xc3, 0x02, 0xbc, 0xd1, 0xe7, 0x4f,
  0xf8, 0xdc, 0x30, 0xf6, 0x27, 0xdf, 0x49, 0xc0, 0xc0, 0xd7, 0xcb, 0x46,
  0x38, 0x48, 0xd9, 0xd8, 0x51, 0x5b, 0x97, 0x3e, 0x51, 0x29, 0xe5, 0xec,
  0x48, 0x36, 0xc7, 0xc4, 0x58, 0x0a, 0xab, 0x00, 0xa4, 0x45, 0x9f, 0xd6,
  0x28, 0x6c, 0xa7, 0x23, 0xd3, 0x6e, 0xdd, 0x4d, 0x0f, 0xf5, 0xc1, 0xff,
  0x40, 0xe0, 0x56, 0x9b, 0x7f, 0xdd, 0x35, 0x65, 0xd9, 0x0a, 0x37, 0xcc,
  0x58, 0x0e, 0xf6, 0xbd, 0x5b, 0xc0, 0xbb, 0x1b, 0xc9, 0x4a, 0x7c, 0x9c,
  0x06, 0x98, 0xdb, 0x85, 0xf3, 0xbb, 0x5d, 0x04, 0x81, 0x9d, 0x95, 0x4b,
  0x8f, 0x1b, 0x03, 0xcc, 0xfd, 0xbd, 0xc4, 0x89, 0x77, 0xbf, 0x0f, 0x1b,
  0x43, 0xf8, 0x62, 0x19, 0xa9, 0x43, 0xc7, 0x82, 0x41, 0xc2, 0x14, 0x3a,
  0x0e, 0x3b, 0xb7, 0xc5, 0xa6, 0xdd, 0x82, 0xd0, 0x3b, 0xed, 0xf7, 0xe2,
  0x9b, 0x50, 0x21, 0x35, 0x87, 0xff, 0xac, 0xa9, 0x96, 0xef, 0x02, 0x51,
  0x11, 0x22, 0xd8, 0xfb, 0xef, 0x00, 0xc2, 0xfe, 0xda, 0xee, 0x38, 0xc3,
  0x22, 0xcd, 0x0f, 0x0d, 0x14, 0x17, 0xa4, 0x54, 0x14, 0xfc, 0x5b, 0x66,
  0x16, 0xf5, 0xad, 0xc6, 0x68, 0xcd, 0xac, 0xc3, 0x1d, 0x4b, 0xf2, 0xd3,
  0xfd, 0x07, 0x58, 0xeb, 0x45, 0x65, 0x45, 0xc5, 0xec, 0xea, 0x35, 0x2e,
  0xa4, 0xc1, 0xdd, 0x0a, 0xbc, 0xdd, 0x2a, 0x53, 0x66, 0xec, 0x3f, 0x44,
  0x45, 0xa4, 0x2a, 0xc0, 0x6e, 0xe9, 0xb0, 0x7f, 0x0f, 0x60, 0xc4, 0x45,
  0xc2, 0xbd, 0x35, 0x4b, 0x1f, 0xda, 0xd8, 0xc7, 0x05, 0x25, 0x32, 0x40,
  0x9e, 0x7e, 0x5b, 0x43, 0x30, 0xc5, 0x1b, 0xfd, 0xf6, 0x40, 0x43, 0x75,
  0xa7, 0x3d, 0x37, 0x0c, 0x4a, 0x04, 0xaa, 0x0b, 0xe3, 0xaa, 0x23, 0xd6,
  0x91, 0x1d, 0xcf, 0x3f, 0xf0, 0xc6, 0xbf, 0xed, 0xda, 0xcf, 0xcd, 0xff,
  0xcd, 0x32, 0x04, 0xd1, 0xcf, 0x6f, 0xfd, 0xf7, 0x06, 0x31, 0x56, 0xc5,
  0x38, 0x5d, 0x39, 0xb7, 0xd9, 0xab, 0x53, 0x5f, 0x38, 0x07, 0x25, 0xfc,
  0xf3, 0xff, 0x0a, 0x7f, 0xa5, 0x39, 0xc4, 0x0e, 0x1e, 0x61, 0xca, 0x3a,
  0xd4, 0x49, 0x60, 0x0c, 0x14, 0x44, 0xdd, 0x5e, 0x18, 0xd0, 0x3c, 0xf6,
  0x1a, 0x7c, 0x0c, 0x4c, 0xc4, 0xca, 0x81, 0xd3, 0xc1, 0x9b, 0xb1, 0x41,
  0x49, 0x10, 0xdb, 0xd0, 0xd8, 0xd8, 0xff, 0xf0, 0xd9, 0x14, 0x83, 0x56,
  0xcc, 0x1a, 0x1e, 0x2a, 0x18, 0x53, 0x34, 0x2d, 0x1e, 0x86, 0x26, 0x9f,
  0xbb, 0xa8, 0x4f, 0x3d, 0x93, 0xc2, 0xa7, 0xd6, 0xd1, 0x4f, 0x04, 0xd5,
  0xa7, 0x41, 0x63, 0x2d, 0x50, 0xf8, 0x4f, 0x36, 0xf7, 0x25, 0xe1, 0x98,
  0x19, 0x26, 0x72, 0xb2, 0xf0, 0x50, 0xbe, 0xd5, 0xc2, 0xf3, 0x8e, 0x45,
  0x1d, 0xce, 0x0c, 0x0c, 0xfb, 0x63, 0xf1, 0xe5, 0xd2, 0x00, 0x6e, 0x8d,
  0x93, 0x36, 0xb7, 0xae, 0x36, 0xa4, 0x00, 0xb6, 0x19, 0x89, 0xaf, 0xa9,
  0x9a, 0x5f, 0x40, 0x81, 0x05, 0xee, 0xbe, 0xb7, 0x1d, 0xfb, 0x60, 0x10,
  0x59, 0x96, 0xc6, 0x50, 0xca, 0xed, 0xab, 0x2f, 0xb8, 0x06, 0x54, 0x57,
  0x0b, 0x20, 0xa2, 0xd0, 0xb6, 0x02, 0xfc, 0xb7, 0x1c, 0x22, 0xfd, 0x64,
  0xf4, 0x04, 0xc0, 0x30, 0x36, 0xc0, 0xa1, 0x20, 0xc1, 0x48, 0xcb, 0x35,
  0xde, 0xb4, 0x19, 0xf4, 0xf2, 0xd6, 0x2b, 0x0c, 0x41, 0x56, 0x26, 0xb4,
  0xcc, 0xed, 0x39, 0xc0, 0xf4, 0x20, 0x30, 0xcf, 0x04, 0xff, 0xa5, 0x52,
  0x26, 0x34, 0x22, 0xd5, 0xe1, 0x31, 0xf0, 0xc4, 0x09, 0xdc, 0xbb, 0xee,
  0x12, 0x18, 0x45, 0xc1, 0x7f, 0x38, 0xeb, 0xf2, 0xd0, 0xa2, 0xf5, 0x36,
  0xd0, 0xce, 0xcd, 0x11, 0xcc, 0xa0, 0xa0, 0xfe, 0x0c, 0x9c, 0x27, 0xc0,
  0x09, 0x88, 0x00, 0xce, 0x91, 0x07, 0x4b, 0x38, 0xca, 0x42, 0x3b, 0xff,
  0x96, 0xf0, 0x58, 0x1a, 0xca, 0xf9, 0xc0, 0xef, 0xd7, 0xdc, 0x20, 0x34,
  0xb1, 0x21, 0x23, 0x0b, 0x37, 0x1d, 0x2e, 0x48, 0xda, 0x8b, 0xe9, 0x04,
  0x89, 0x01, 0xbd, 0xf1, 0xea, 0x58, 0x3d, 0xa3, 0x07, 0xda, 0x56, 0xfa,
  0x26, 0x3b, 0x71, 0x1d, 0xe6, 0x2f, 0x0b, 0x0a, 0x11, 0x23, 0x1e, 0xc7,
  0x81, 0x63, 0xfc, 0x28, 0x0e, 0xcc, 0x28, 0x24, 0xba, 0x9f, 0xd6, 0xf6,
  0xf6, 0x0d, 0xb3, 0xe6, 0x32, 0x14, 0x32, 0xee, 0xb5, 0x12, 0x30, 0x4b,
  0x4f, 0x1d, 0x18, 0xf9, 0x3f, 0x27, 0x30, 0x96, 0x64, 0xc3, 0x29, 0xcb,
  0xee, 0xd7, 0xf6, 0xa5, 0xb2, 0xc1, 0x81, 0x53, 0xd6, 0xe3, 0x45, 0x9a,
  0xbe, 0xed, 0xbd, 0x12, 0x6b, 0xe0, 0xd2, 0x4f, 0x59, 0xad, 0x52, 0xf3,
  0xa9, 0xea, 0x2d, 0xa6, 0x1e, 0xda, 0x19, 0x0f, 0xd5, 0x13, 0xc5, 0x08,
  0xf8, 0x04, 0x95, 0x58, 0x1f, 0xc8, 0x19, 0xac, 0xf4, 0x0f, 0x65, 0xd9,
  0xc2, 0xfa, 0x28, 0x9f, 0xda, 0x4b, 0x8d, 0x7f, 0xff, 0xf3, 0xa2, 0xe4,
  0xfd, 0x63, 0x5c, 0xd5, 0xf8, 0xc8, 0xf8, 0xc4, 0xf8, 0x43, 0x35, 0x48,
  0x02, 0x98, 0xb1, 0xbe, 0x1f, 0x48, 0xf0, 0x4b, 0xe7, 0xe8, 0xf5, 0x31,
  0xa3, 0xf5, 0x13, 0x5f, 0xd9, 0xd5, 0x1b, 0x31, 0x5d, 0xb0, 0xf0, 0x17,
  0xb2, 0xab, 0xe7, 0xa2, 0x99, 0x25, 0xe7, 0x11, 0xfd, 0x03, 0x3f, 0xcc,
  0x91, 0xe6, 0x22, 0xa8, 0xdd, 0x1a, 0xbf, 0xf9, 0x02, 0xe1, 0xd9, 0xb7,
  0x08, 0x4c, 0x26, 0xcc, 0x14, 0xf7, 0xdf, 0xe5, 0x3b, 0xf5, 0x04, 0x38,
  0x08, 0xd9, 0xf0, 0x2e, 0xcd, 0xde, 0x46, 0xd1, 0x3d, 0xe8, 0x52, 0xfb,
  0x01, 0xfe, 0x42, 0x43, 0xad, 0xc2, 0xfb, 0xdc, 0x20, 0xe2, 0xce, 0xdd,
  0x43, 0x4b, 0xe3, 0x2d, 0x27, 0xa9, 0xe9, 0x31, 0xec, 0xe4, 0x5c, 0xae,
  0x4e, 0x47, 0x1e, 0x3a, 0x3b, 0xe3, 0xe8, 0xcc, 0x1d, 0xcb, 0x09, 0xbb,
  0x51, 0x4f, 0x7f, 0x73, 0x29, 0x62, 0xbd, 0x44, 0x4b, 0xd5, 0x65, 0x9c,
  0x33, 0xa6, 0x21, 0xee, 0x34, 0x21, 0xc7, 0xa9, 0xd4, 0x49, 0xb9, 0x3f,
  0x1e, 0x43, 0x08, 0x53, 0xaf, 0x2b, 0xe8, 0x6a, 0x71, 0xad, 0x39, 0x95,
  0xf2, 0x81, 0x5c, 0xd5, 0x8c, 0x57, 0x71, 0xdf, 0xf1, 0x97, 0x9b, 0x84,
  0xa8, 0x49, 0x50, 0xa8, 0xfa, 0xea, 0x22, 0x6c, 0x1f, 0xea, 0x31, 0x01,
  0xc8, 0xe3, 0x24, 0xe7, 0x0f, 0x60, 0xe9, 0x3c, 0xb0, 0xa2, 0xf1, 0xb9,
  0x92, 0x79, 0x53, 0x5b, 0x23, 0xfc, 0xef, 0xe0, 0x2c, 0x09, 0xcd, 0xcc,
  0x31, 0xdd, 0xe5, 0xc3, 0x11, 0xd5, 0xf7, 0x0f, 0x2e, 0xe4, 0xe0, 0xe0,
  0xdb, 0x01, 0x29, 0x00, 0x09, 0xf3, 0x03, 0xf4, 0x06, 0x21, 0x06, 0xdc,
  0x15, 0xff, 0xeb, 0x1c, 0xe2, 0xe8, 0x42, 0x2e, 0xea, 0xf7, 0x3b, 0x11,
  0x17, 0x18, 0x11, 0x0b, 0x1e, 0x15, 0xfb, 0x15, 0x13, 0xde, 0xc7, 0x3a,
  0xa6, 0xfb, 0xcc, 0x2a, 0x2f, 0x3d, 0x0b, 0x53, 0xf9, 0x22, 0xd2, 0x5c,
  0x81, 0x1f, 0xa5, 0xb3, 0x86, 0xf7, 0xff, 0xff, 0x04, 0x00, 0x00, 0x00,
  0x18, 0x00, 0x00, 0x00, 0xb6, 0xc6, 0x64, 0xa5, 0x43, 0xcc, 0xbd, 0xbf,
  0x05, 0x2f, 0x78, 0x0b, 0xda, 0x2d, 0xc6, 0xbc, 0xb7, 0x03, 0x90, 0x80,
  0x92, 0x7f, 0x68, 0x4b, 0xaa, 0xf7, 0xff, 0xff, 0x04, 0x00, 0x00, 0x00,
  0xc0, 0x06, 0x00, 0x00, 0x8e, 0x44, 0x3d, 0x96, 0xdc, 0x52, 0x2e, 0xfb,
  0x30, 0x5a, 0x61, 0x9e, 0xe0, 0xb4, 0x19, 0x02, 0xe6, 0x70, 0xc0, 0x4b,
  0x41, 0xd8, 0xfe, 0xb2, 0x03, 0xf1, 0x13, 0x68, 0xb8, 0xec, 0xf3, 0x1b,
  0x4f, 0x9a, 0xe0, 0xe7, 0x40, 0x57, 0x96, 0x8b, 0x7f, 0x3a, 0x21, 0x12,
  0xf4, 0xd8, 0xc1, 0xfa, 0x1b, 0x06, 0x29, 0x55, 0x3e, 0x48, 0xf3, 0xf1,
  0x18, 0x05, 0xba, 0xb1, 0xa4, 0x9d, 0xa5, 0x24, 0x57, 0xfb, 0x8f, 0x17,
  0x19, 0x3c, 0xd0, 0xa7, 0x19, 0xb0, 0x07, 0xe2, 0xdc, 0x13, 0xba, 0xcd,
  0xea, 0xd5, 0xff, 0x1d, 0xc5, 0xb1, 0xec, 0xbc, 0xbf, 0x55, 0x08, 0x1c,
  0xce, 0xf0, 0xf0, 0x81, 0x1f, 0x4d, 0x11, 0x0f, 0xcb, 0xd6, 0x0f, 0xc8,
  0xe5, 0x43, 0x11, 0xfa, 0x39, 0x28, 0xb7, 0xc3, 0xea, 0x4e, 0x19, 0xf1,
  0xfe, 0xc1, 0xc4, 0x0c, 0xbb, 0xe1, 0xdc, 0x44, 0xa2, 0x1b, 0x9d, 0x5b,
  0xd9, 0xc0, 0x10, 0x52, 0x52, 0x3d, 0x32, 0xda, 0xcd, 0xff, 0xb4, 0x44,
  0x49, 0xe3, 0x06, 0xa5, 0xe8, 0xe2, 0x52, 0x9f, 0xfe, 0xfc, 0xbe, 0x41,
  0x37, 0xdd, 0xbf, 0x26, 0x43, 0xde, 0x26, 0xaf, 0xd9, 0x45, 0x59, 0x1b,
  0x4f, 0x07, 0x01, 0x26, 0x1b, 0x39, 0x1d, 0x53, 0x33, 0xca, 0x30, 0x2b,
  0xf9, 0x1d, 0x46, 0xdb, 0x44, 0x45, 0x1b, 0x64, 0x9e, 0xff, 0x04, 0x47,
  0x1b, 0xfa, 0x50, 0x2e, 0x1f, 0x16, 0x65, 0xd4, 0xba, 0x12, 0x1a, 0xd5,
  0x2e, 0xd3, 0xc3, 0xa2, 0x64, 0x21, 0x06, 0x3e, 0xb6, 0xe7, 0x2d, 0x16,
  0x11, 0x81, 0x50, 0x76, 0xb7, 0x26, 0xc8, 0xcd, 0xf3, 0xdb, 0x3c, 0xb5,
  0xa9, 0x81, 0xe5, 0x67, 0x50, 0xf3, 0xb5, 0xaf, 0xf9, 0xee, 0x14, 0xb6,
  0x21, 0x27, 0x02, 0x23, 0xd6, 0x94, 0x17, 0x27, 0xb2, 0xd5, 0xc0, 0xbf,
  0xfd, 0x07, 0xe2, 0x06, 0xa0, 0xf1, 0xc4, 0xcf, 0x5f, 0x32, 0x0f, 0x25,
  0x39, 0xad, 0xa7, 0x81, 0xfb, 0xf4, 0x2f, 0x23, 0xcb, 0x83, 0x03, 0x9c,
  0xa5, 0x92, 0x8a, 0xe1, 0x96, 0x2f, 0x19, 0xbd, 0xa2, 0x2d, 0x99, 0x11,
  0xec, 0xa2, 0xf0, 0x47, 0x8d, 0xff, 0x35, 0x07, 0xf2, 0x98, 0x48, 0x44,
  0x50, 0x8b, 0xd4, 0xfc, 0xd4, 0xee, 0x9e, 0xb0, 0x9f, 0xd3, 0x1f, 0xe2,
  0xbb, 0xe8, 0xee, 0xf3, 0xf4, 0x54, 0xcd, 0xa2, 0xfa, 0xc6, 0xee, 0x0e,
  0x10, 0xf7, 0x94, 0x85, 0xfc, 0x81, 0x28, 0xbe, 0x71, 0xf2, 0x28, 0x18,
  0xab, 0xdc, 0xa7, 0x45, 0x40, 0x2d, 0xa8, 0xbf, 0xd0, 0xf7, 0x4d, 0xa5,
  0xe2, 0x3d, 0x8f, 0x3b, 0x6e, 0x4b, 0x27, 0xec, 0xe6, 0xe5, 0xea, 0xc4,
  0x5e, 0xdf, 0x63, 0xa2, 0xbe, 0x11, 0x8e, 0xac, 0x88, 0xfe, 0xd8, 0xd4,
  0xe4, 0xb4, 0x36, 0x40, 0xa0, 0x55, 0xd4, 0xa9, 0x17, 0x2d, 0xbf, 0x36,
  0x36, 0xe0, 0x1e, 0xbf, 0xc2, 0xb0, 0x31, 0xa2, 0xf7, 0x3f, 0xd7, 0x45,
  0x60, 0xf7, 0xab, 0xd2, 0x3c, 0x56, 0xbc, 0x58, 0x48, 0x5f, 0xad, 0xbd,
  0xbe, 0xc7, 0x08, 0xb2, 0x4e, 0x42, 0x20, 0xc1, 0x17, 0x97, 0xac, 0x4e,
  0x7e, 0x10, 0x4b, 0x57, 0x02, 0x3c, 0xd0, 0xcf, 0xb4, 0x6f, 0x4e, 0xf3,
  0xf0, 0x81, 0x0d, 0xc6, 0xd3, 0xf6, 0xd8, 0x18, 0x2a, 0x16, 0xee, 0xd9,
  0xe7, 0xf2, 0x23, 0xf4, 0xd9, 0xdb, 0xe0, 0xd8, 0x0e, 0xf9, 0xee, 0x12,
  0x15, 0xf0, 0x17, 0xcb, 0xd8, 0x0f, 0xde, 0xdf, 0x18, 0xcc, 0xcf, 0x13,
  0xcf, 0xc0, 0xe7, 0x1c, 0x1a, 0x01, 0x09, 0xc7, 0x0f, 0x29, 0xe5, 0xc8,
  0xf5, 0xf0, 0x3b, 0xdf, 0x25, 0x37, 0xc3, 0xe8, 0xc4, 0xe2, 0x44, 0x24,
  0x18, 0xe4, 0xfd, 0x12, 0x08, 0x23, 0xe4, 0xf1, 0xf7, 0xd4, 0x06, 0x0a,
  0x16, 0x12, 0xd8, 0x7f, 0x03, 0xf6, 0xc1, 0xa2, 0x4f, 0xe2, 0x52, 0x28,
  0x9f, 0x1b, 0xa4, 0xab, 0xa3, 0xb4, 0x54, 0x37, 0x60, 0x3e, 0x48, 0x10,
  0x43, 0xea, 0x39, 0x37, 0xf4, 0x56, 0x37, 0x21, 0xbd, 0x16, 0x16, 0x2f,
  0x00, 0xe5, 0xfb, 0x16, 0x0d, 0x50, 0xe5, 0x53, 0x62, 0x90, 0xa5, 0x3a,
  0xd3, 0x21, 0x05, 0xf7, 0x3a, 0x3d, 0x93, 0xfb, 0xad, 0x39, 0x9a, 0x36,
  0xb5, 0x37, 0xbf, 0x08, 0x57, 0xa3, 0x42, 0xcd, 0xf2, 0xcc, 0x1f, 0x15,
  0xc5, 0x7f, 0x22, 0xd7, 0xf7, 0xdd, 0xd3, 0x14, 0xc8, 0xf8, 0xe3, 0x3b,
  0xb9, 0xdb, 0xff, 0x03, 0xcc, 0xdb, 0xf0, 0x26, 0xe6, 0xff, 0x41, 0xed,
  0x02, 0x13, 0x06, 0x31, 0xd3, 0xfd, 0xbe, 0xd6, 0xf1, 0x11, 0x34, 0xf9,
  0x06, 0xe6, 0xf3, 0x25, 0xcf, 0xd9, 0x1b, 0xe8, 0xc9, 0x11, 0xf8, 0x23,
  0xc5, 0x00, 0x02, 0xfc, 0xeb, 0x22, 0x36, 0x07, 0xe9, 0x28, 0xdf, 0xbd,
  0xfb, 0xba, 0x22, 0xd0, 0x3e, 0x24, 0xbe, 0x09, 0x33, 0x2e, 0xf1, 0x36,
  0x04, 0xb7, 0x07, 0x7f, 0xfc, 0x37, 0xec, 0x3d, 0x2c, 0xc6, 0xb2, 0xbb,
  0xd2, 0xad, 0xc3, 0x5f, 0x1a, 0x1c, 0x23, 0xc1, 0xed, 0x02, 0xdc, 0xe9,
  0x0a, 0x20, 0xce, 0x97, 0x22, 0x2e, 0xbb, 0xfa, 0xd6, 0xce, 0x02, 0x02,
  0xdf, 0xca, 0xc8, 0x4d, 0x02, 0x4a, 0xf4, 0xde, 0xbe, 0x01, 0xda, 0xb3,
  0xcb, 0x38, 0xe4, 0x81, 0xdf, 0x1f, 0xe0, 0xec, 0xc6, 0x37, 0xf7, 0xff,
  0xdd, 0xd8, 0xb0, 0x77, 0x3c, 0xb5, 0x22, 0x09, 0xc2, 0x02, 0xcc, 0xfe,
  0x17, 0xdb, 0x21, 0x12, 0x32, 0xe9, 0x21, 0x29, 0x0c, 0xf5, 0xda, 0xcb,
  0x07, 0xbf, 0xda, 0xec, 0xd3, 0xb3, 0x10, 0x02, 0x39, 0x40, 0xdd, 0x35,
  0xe9, 0x09, 0x37, 0x35, 0xe0, 0xee, 0xf6, 0x08, 0x13, 0xd4, 0x09, 0xee,
  0xee, 0xd5, 0x26, 0xd6, 0xf2, 0xf1, 0xda, 0x1d, 0x32, 0x0b, 0xe9, 0x10,
  0xe3, 0x0c, 0xc5, 0x16, 0xe0, 0xa4, 0xd7, 0x2f, 0xe1, 0xe5, 0x7f, 0x42,
  0xfd, 0x33, 0xce, 0x0c, 0x3b, 0xd2, 0xce, 0xea, 0x4a, 0x0d, 0x0e, 0xe1,
  0xf3, 0x36, 0x05, 0x07, 0x27, 0x14, 0xc7, 0x09, 0x9f, 0xde, 0x52, 0xe7,
  0x3b, 0xf4, 0xcf, 0x38, 0x16, 0xdb, 0xac, 0xaa, 0x32, 0xb0, 0xb1, 0x10,
  0xff, 0x27, 0xa9, 0x29, 0xab, 0x3a, 0xf2, 0x9a, 0x32, 0x7f, 0x75, 0x4a,
  0xc4, 0x11, 0xf5, 0x39, 0xf7, 0x5b, 0x06, 0x16, 0x19, 0x46, 0x2c, 0x56,
  0xe8, 0x7f, 0xd6, 0x43, 0x4b, 0x4b, 0x37, 0xd9, 0x21, 0xdb, 0x4d, 0xe9,
  0xa2, 0xfb, 0xc8, 0x13, 0x1e, 0x14, 0x2a, 0x73, 0x17, 0x27, 0x34, 0x2f,
  0x47, 0xa8, 0x41, 0x9e, 0x3d, 0xba, 0x8a, 0x43, 0xb0, 0x81, 0x43, 0x4d,
  0xa8, 0xd5, 0xe4, 0x84, 0xe7, 0xb3, 0x2d, 0xa4, 0x2d, 0x95, 0xea, 0xee,
  0xb6, 0x13, 0xd8, 0xe6, 0x3e, 0xe3, 0xe8, 0x37, 0x25, 0x4d, 0x1a, 0xbe,
  0x01, 0xd6, 0x91, 0xd9, 0xb6, 0x8c, 0x59, 0xd1, 0xbb, 0xf0, 0xe7, 0xc8,
  0x36, 0xbe, 0x4b, 0x27, 0x4b, 0xc5, 0x83, 0x65, 0xb7, 0xcd, 0xde, 0x42,
  0x33, 0x4b, 0xcc, 0x20, 0x4b, 0x1c, 0xed, 0xd8, 0xda, 0x52, 0x13, 0x55,
  0x3c, 0xa3, 0x6a, 0x20, 0x0d, 0xe3, 0x42, 0x3b, 0x27, 0x99, 0x4b, 0xff,
  0x1b, 0x38, 0xdc, 0x8b, 0x66, 0xe4, 0x97, 0xc2, 0xe0, 0xe0, 0xe7, 0x09,
  0x1d, 0x64, 0x03, 0x94, 0xe9, 0x0b, 0xb7, 0x1a, 0xe6, 0xbd, 0x4f, 0x92,
  0x4d, 0x04, 0xbd, 0xe6, 0xb3, 0xb3, 0xd8, 0xdc, 0xe9, 0xc0, 0x94, 0xab,
  0x74, 0x16, 0xee, 0xbd, 0xb4, 0x81, 0x1f, 0x0d, 0xfd, 0x4c, 0x08, 0xb2,
  0x15, 0x27, 0xce, 0xd8, 0xbe, 0xf6, 0xfb, 0x02, 0xbe, 0x07, 0xbd, 0x25,
  0x17, 0x4d, 0x4d, 0xdd, 0x32, 0x3f, 0xcf, 0x49, 0x9f, 0x17, 0x08, 0x02,
  0x5b, 0xf4, 0xeb, 0x0b, 0xc0, 0x0a, 0xe3, 0xc0, 0x75, 0x73, 0x9e, 0xd5,
  0x3d, 0x42, 0x9c, 0xf0, 0xb2, 0xc8, 0x50, 0x9a, 0xb3, 0x48, 0xfb, 0x31,
  0x9d, 0xca, 0xc2, 0xcb, 0x34, 0xf4, 0xad, 0x4e, 0x79, 0xea, 0xcf, 0x22,
  0xfb, 0xcf, 0x1a, 0xb6, 0xaa, 0x9c, 0xc3, 0xbf, 0x9f, 0x87, 0xe4, 0x4f,
  0x81, 0xc4, 0x8d, 0x3e, 0x90, 0x66, 0x48, 0x05, 0xdb, 0xa5, 0x35, 0x02,
  0xac, 0xf5, 0x3d, 0x18, 0x2c, 0x2c, 0x9b, 0x26, 0x33, 0x5b, 0x36, 0x81,
  0x9a, 0xf4, 0x3e, 0x2b, 0x81, 0xce, 0xc1, 0x0d, 0x02, 0xc7, 0x33, 0x2e,
  0xeb, 0xe6, 0x53, 0x25, 0x55, 0x8a, 0x0f, 0xa6, 0xeb, 0xb1, 0x2a, 0x00,
  0x1a, 0xec, 0x8a, 0x05, 0xdd, 0x05, 0x53, 0x53, 0xf9, 0xfe, 0x12, 0x51,
  0x26, 0x1d, 0x52, 0x62, 0x22, 0x9c, 0xfe, 0xa1, 0xe6, 0xb6, 0x0f, 0x90,
  0xe6, 0x31, 0xc8, 0xc8, 0xe7, 0xf2, 0xfc, 0xe0, 0xd0, 0xca, 0x36, 0x11,
  0x2b, 0x9e, 0x02, 0xe8, 0x27, 0x2e, 0x46, 0x35, 0x34, 0x25, 0x0d, 0x59,
  0xab, 0x42, 0x49, 0xd1, 0x1f, 0xde, 0xb9, 0x0b, 0x0b, 0xbd, 0x33, 0xf1,
  0x3d, 0x26, 0x1f, 0xe5, 0x22, 0xe2, 0xd2, 0xbd, 0xf7, 0x00, 0x07, 0x16,
  0x36, 0x30, 0x27, 0x38, 0x44, 0xd4, 0x49, 0x0f, 0x02, 0x31, 0xc6, 0x47,
  0xba, 0x04, 0xd8, 0x29, 0xfe, 0x7f, 0x56, 0xd2, 0xee, 0x09, 0xd5, 0x20,
  0xba, 0x3d, 0x0a, 0xb4, 0xbb, 0x13, 0x05, 0xc8, 0xd1, 0x20, 0x57, 0x26,
  0x04, 0xcc, 0xac, 0x22, 0xb1, 0x4c, 0x4b, 0xcc, 0x5e, 0x7f, 0x9e, 0xf1,
  0x4c, 0x00, 0x0b, 0x19, 0xf4, 0xa9, 0x51, 0xb5, 0xce, 0xe6, 0x14, 0x79,
  0x41, 0xd5, 0x1d, 0x1a, 0x1b, 0xf3, 0xb2, 0x3e, 0x34, 0xb8, 0xbe, 0x62,
  0x3e, 0xee, 0xdb, 0xda, 0x22, 0x59, 0xf9, 0x00, 0xc7, 0x90, 0x6a, 0x5d,
  0xd3, 0x05, 0xbd, 0xf7, 0x52, 0xd7, 0xd9, 0x14, 0x4e, 0x4b, 0xa0, 0xfa,
  0x36, 0x88, 0xd8, 0x4d, 0x18, 0x00, 0x0e, 0xf3, 0xde, 0x35, 0xa1, 0x7a,
  0xe4, 0xd5, 0x32, 0xc6, 0x29, 0xd1, 0xe7, 0xb9, 0x39, 0xd9, 0x35, 0xbe,
  0x58, 0xae, 0xdb, 0xe3, 0xa4, 0x47, 0xf7, 0xe0, 0xc4, 0x6a, 0x03, 0xe5,
  0x3e, 0xff, 0x30, 0x16, 0xbd, 0x5c, 0x05, 0x38, 0x44, 0xc0, 0x71, 0x48,
  0xed, 0x20, 0xd0, 0xc2, 0x21, 0x12, 0xcb, 0xda, 0x2e, 0x14, 0x37, 0xe0,
  0xc6, 0xec, 0xcd, 0xf1, 0xff, 0xe4, 0xf9, 0x1a, 0xe1, 0xc1, 0x3a, 0x0d,
  0x10, 0x1b, 0x15, 0x15, 0xc8, 0x54, 0x39, 0xce, 0x22, 0x1a, 0xea, 0x41,
  0x56, 0x7f, 0x19, 0xc7, 0x04, 0xeb, 0xb8, 0xbd, 0x40, 0xc0, 0xe2, 0x47,
  0xe2, 0xba, 0x1e, 0x8b, 0x18, 0x90, 0x4f, 0x12, 0x2e, 0x37, 0x3e, 0x12,
  0xb2, 0x81, 0xa7, 0x24, 0x42, 0x59, 0xee, 0xf8, 0x41, 0x05, 0x97, 0xdf,
  0xa0, 0x1d, 0x8f, 0x31, 0xaf, 0x49, 0xf3, 0x3b, 0xe8, 0x39, 0x04, 0xf5,
  0xb0, 0xcd, 0x6e, 0x93, 0x54, 0xd4, 0x85, 0xa6, 0x3c, 0xbc, 0x25, 0xb5,
  0xd7, 0xcf, 0x3b, 0xea, 0xd3, 0x8a, 0xa6, 0xdf, 0x2c, 0x93, 0x9e, 0x10,
  0x09, 0x0d, 0xc5, 0xaf, 0x26, 0xe8, 0x6f, 0x4d, 0xe1, 0xc1, 0xac, 0x46,
  0x11, 0xe9, 0x35, 0xe4, 0x5e, 0xaf, 0x33, 0x96, 0x04, 0x50, 0xae, 0xd2,
  0xeb, 0x45, 0x51, 0xa8, 0x63, 0x3b, 0x58, 0x27, 0x59, 0x27, 0xa4, 0x57,
  0xea, 0x84, 0xf2, 0x53, 0xa3, 0x4b, 0x5d, 0x27, 0xe2, 0x38, 0xe2, 0xdd,
  0xc9, 0x19, 0x95, 0x0e, 0x49, 0x6e, 0xe2, 0x81, 0xef, 0xf0, 0xcf, 0xda,
  0x8c, 0xcd, 0xdb, 0xb3, 0x07, 0x34, 0x48, 0x6f, 0x5a, 0x6c, 0x10, 0x18,
  0xd0, 0xd4, 0x3f, 0xb7, 0x19, 0x39, 0x8e, 0xea, 0xac, 0xcd, 0xdf, 0xfc,
  0xb2, 0xd7, 0x5d, 0x13, 0xe3, 0xb3, 0x65, 0xd6, 0xcd, 0x18, 0xd1, 0xb4,
  0x53, 0x3f, 0x52, 0xcc, 0xc7, 0x94, 0xe7, 0x16, 0xa0, 0x07, 0x0e, 0x9e,
  0xc0, 0xea, 0x1a, 0x0f, 0xe3, 0x46, 0x42, 0xa1, 0xf0, 0xb0, 0x03, 0xfb,
  0xf0, 0x81, 0x34, 0xca, 0xb6, 0xee, 0x11, 0xad, 0x96, 0xd7, 0xb0, 0x0b,
  0xdc, 0x2e, 0xec, 0xa0, 0xd3, 0xf3, 0x43, 0xe6, 0x2f, 0x6a, 0x44, 0x36,
  0x69, 0xff, 0x3e, 0xd9, 0x39, 0x1b, 0x11, 0xef, 0x41, 0x31, 0x2d, 0x08,
  0x1e, 0xcb, 0x03, 0x3c, 0xd9, 0xb7, 0xc1, 0x3f, 0x05, 0xf4, 0xcf, 0x37,
  0x2a, 0x2e, 0xfa, 0xdb, 0x3c, 0x3c, 0x0c, 0xc5, 0x3c, 0x00, 0x27, 0x11,
  0x17, 0xa9, 0x33, 0x01, 0xe2, 0xe4, 0x42, 0xca, 0xc8, 0x3a, 0x32, 0x43,
  0xc6, 0x50, 0xd0, 0xc7, 0xf6, 0xfc, 0xfc, 0xbc, 0x23, 0xcf, 0x34, 0x48,
  0xfe, 0xe2, 0xec, 0x2a, 0xd4, 0x3a, 0x07, 0xe5, 0xe7, 0xcf, 0x30, 0x1e,
  0x16, 0x81, 0xf7, 0x5f, 0x35, 0xef, 0xdf, 0x15, 0xff, 0xc8, 0xbb, 0x4d,
  0xed, 0x03, 0xd4, 0xd2, 0xfd, 0xdc, 0xac, 0x35, 0x47, 0x21, 0x09, 0x28,
  0xde, 0xb0, 0xf2, 0x11, 0x4a, 0xd8, 0xf9, 0x59, 0xbf, 0x30, 0xe8, 0xe1,
  0x95, 0x12, 0x55, 0xbc, 0x4f, 0xc7, 0x08, 0xe7, 0x25, 0xfa, 0xfe, 0x67,
  0x26, 0xbf, 0xd0, 0x59, 0x4d, 0xf3, 0xbf, 0x25, 0x5a, 0x2f, 0xb6, 0xdd,
  0xe9, 0x4c, 0xe2, 0x12, 0xeb, 0xef, 0x61, 0x5e, 0xd4, 0x54, 0x4b, 0x08,
  0x2b, 0xf2, 0xc0, 0x81, 0x76, 0xfe, 0xff, 0xff, 0x04, 0x00, 0x00, 0x00,
  0x18, 0x00, 0x00, 0x00, 0x36, 0x24, 0xf8, 0xfd, 0xe8, 0x08, 0x49, 0xfa,
  0x4d, 0xca, 0x7f, 0x25, 0xfe, 0x80, 0x0a, 0xf9, 0x08, 0xfa, 0xd9, 0x00,
  0x13, 0xf9, 0x15, 0x19, 0x9a, 0xfe, 0xff, 0xff, 0x04, 0x00, 0x00, 0x00,
  0x18, 0x00, 0x00, 0x00, 0xe1, 0xa1, 0x37, 0xb8, 0x81, 0xda, 0x27, 0xa4,
  0x2e, 0xd7, 0xc7, 0x49, 0xa6, 0xa5, 0xc8, 0xca, 0x11, 0x43, 0xd0, 0xab,
  0x47, 0xb7, 0x47, 0x41, 0xbe, 0xfe, 0xff, 0xff, 0x04, 0x00, 0x00, 0x00,
  0x04, 0x00, 0x00, 0x00, 0xaa, 0x00, 0x00, 0x00, 0xce, 0xfe, 0xff, 0xff,
  0x04, 0x00, 0x00, 0x00, 0x0c, 0x00, 0x00, 0x00, 0x01, 0x00, 0x00, 0x00,
  0x01, 0x00, 0x00, 0x00, 0x01, 0x00, 0x00, 0x00, 0xe6, 0xfe, 0xff, 0xff,
  0x04, 0x00, 0x00, 0x00, 0x0c, 0x00, 0x00, 0x00, 0x00, 0x00, 0x00, 0x00,
  0x00, 0x00, 0x00, 0x00, 0x00, 0x00, 0x00, 0x00, 0xfe, 0xfe, 0xff, 0xff,
  0x04, 0x00, 0x00, 0x00, 0x0c, 0x00, 0x00, 0x00, 0x00, 0x00, 0x00, 0x00,
  0xff, 0xff, 0xff, 0xff, 0x00, 0x00, 0x00, 0x00, 0x16, 0xff, 0xff, 0xff,
  0x04, 0x00, 0x00, 0x00, 0x0c, 0x00, 0x00, 0x00, 0xff, 0xff, 0xff, 0xff,
  0x06, 0x00, 0x00, 0x00, 0x18, 0x00, 0x00, 0x00, 0x2e, 0xff, 0xff, 0xff,
  0x04, 0x00, 0x00, 0x00, 0x04, 0x00, 0x00, 0x00, 0x04, 0x00, 0x00, 0x00,
  0x3e, 0xff, 0xff, 0xff, 0x04, 0x00, 0x00, 0x00, 0x18, 0x00, 0x00, 0x00,
  0x00, 0x00, 0x00, 0x00, 0x00, 0x00, 0x00, 0x00, 0x08, 0x00, 0x00, 0x00,
  0x00, 0x00, 0x00, 0x00, 0x00, 0x00, 0x00, 0x00, 0x00, 0x00, 0x00, 0x00,
  0x62, 0xff, 0xff, 0xff, 0x04, 0x00, 0x00, 0x00, 0x0c, 0x00, 0x00, 0x00,
  0xff, 0xff, 0xff, 0xff, 0x0c, 0x00, 0x00, 0x00, 0x18, 0x00, 0x00, 0x00,
  0x7a, 0xff, 0xff, 0xff, 0x04, 0x00, 0x00, 0x00, 0x08, 0x00, 0x00, 0x00,
  0x00, 0x00, 0x00, 0x00, 0x00, 0x00, 0x00, 0x00, 0x8e, 0xff, 0xff, 0xff,
  0x04, 0x00, 0x00, 0x00, 0x04, 0x00, 0x00, 0x00, 0x02, 0x00, 0x00, 0x00,
  0x9e, 0xff, 0xff, 0xff, 0x04, 0x00, 0x00, 0x00, 0x18, 0x00, 0x00, 0x00,
  0x00, 0x00, 0x00, 0x00, 0x00, 0x00, 0x00, 0x00, 0x04, 0x00, 0x00, 0x00,
  0x00, 0x00, 0x00, 0x00, 0x00, 0x00, 0x00, 0x00, 0x00, 0x00, 0x00, 0x00,
  0xc2, 0xff, 0xff, 0xff, 0x04, 0x00, 0x00, 0x00, 0x18, 0x00, 0x00, 0x00,
  0x00, 0x00, 0x00, 0x00, 0x00, 0x00, 0x00, 0x00, 0x02, 0x00, 0x00, 0x00,
  0x00, 0x00, 0x00, 0x00, 0x00, 0x00, 0x00, 0x00, 0x00, 0x00, 0x00, 0x00,
  0xe6, 0xff, 0xff, 0xff, 0x04, 0x00, 0x00, 0x00, 0x0c, 0x00, 0x00, 0x00,
  0xff, 0xff, 0xff, 0xff, 0x18, 0x00, 0x00, 0x00, 0x18, 0x00, 0x00, 0x00,
  0x00, 0x00, 0x06, 0x00, 0x08, 0x00, 0x04, 0x00, 0x06, 0x00, 0x00, 0x00,
  0x04, 0x00, 0x00, 0x00, 0x04, 0x00, 0x00, 0x00, 0xfd, 0xff, 0xff, 0xff,
  0xc8, 0xbe, 0xff, 0xff, 0xcc, 0xbe, 0xff, 0xff, 0x0f, 0x00, 0x00, 0x00,
  0x4d, 0x4c, 0x49, 0x52, 0x20, 0x43, 0x6f, 0x6e, 0x76, 0x65, 0x72, 0x74,
  0x65, 0x64, 0x2e, 0x00, 0x01, 0x00, 0x00, 0x00, 0x14, 0x00, 0x00, 0x00,
  0x00, 0x00, 0x0e, 0x00, 0x18, 0x00, 0x14, 0x00, 0x10, 0x00, 0x0c, 0x00,
  0x08, 0x00, 0x04, 0x00, 0x0e, 0x00, 0x00, 0x00, 0x14, 0x00, 0x00, 0x00,
  0x1c, 0x00, 0x00, 0x00, 0x70, 0x09, 0x00, 0x00, 0x74, 0x09, 0x00, 0x00,
  0x78, 0x09, 0x00, 0x00, 0x04, 0x00, 0x00, 0x00, 0x6d, 0x61, 0x69, 0x6e,
  0x00, 0x00, 0x00, 0x00, 0x2c, 0x00, 0x00, 0x00, 0x28, 0x09, 0x00, 0x00,
  0xcc, 0x08, 0x00, 0x00, 0x94, 0x08, 0x00, 0x00, 0x54, 0x08, 0x00, 0x00,
  0x14, 0x08, 0x00, 0x00, 0xc0, 0x07, 0x00, 0x00, 0x98, 0x07, 0x00, 0x00,
  0x64, 0x07, 0x00, 0x00, 0x34, 0x07, 0x00, 0x00, 0xec, 0x06, 0x00, 0x00,
  0xb8, 0x06, 0x00, 0x00, 0x90, 0x06, 0x00, 0x00, 0x5c, 0x06, 0x00, 0x00,
  0x30, 0x06, 0x00, 0x00, 0x00, 0x06, 0x00, 0x00, 0xb0, 0x05, 0x00, 0x00,
  0x88, 0x05, 0x00, 0x00, 0x5c, 0x05, 0x00, 0x00, 0x1c, 0x05, 0x00, 0x00,
  0xe8, 0x04, 0x00, 0x00, 0xbc, 0x04, 0x00, 0x00, 0x8c, 0x04, 0x00, 0x00,
  0x48, 0x04, 0x00, 0x00, 0x20, 0x04, 0x00, 0x00, 0xf4, 0x03, 0x00, 0x00,
  0xbc, 0x03, 0x00, 0x00, 0x88, 0x03, 0x00, 0x00, 0x54, 0x03, 0x00, 0x00,
  0x28, 0x03, 0x00, 0x00, 0xf8, 0x02, 0x00, 0x00, 0xb4, 0x02, 0x00, 0x00,
  0x8c, 0x02, 0x00, 0x00, 0x60, 0x02, 0x00, 0x00, 0x28, 0x02, 0x00, 0x00,
  0xf4, 0x01, 0x00, 0x00, 0xc8, 0x01, 0x00, 0x00, 0x98, 0x01, 0x00, 0x00,
  0x54, 0x01, 0x00, 0x00, 0x2c, 0x01, 0x00, 0x00, 0x00, 0x01, 0x00, 0x00,
  0xc8, 0x00, 0x00, 0x00, 0x94, 0x00, 0x00, 0x00, 0x3c, 0x00, 0x00, 0x00,
  0x04, 0x00, 0x00, 0x00, 0x5e, 0xf8, 0xff, 0xff, 0x14, 0x00, 0x00, 0x00,
  0x00, 0x00, 0x00, 0x08, 0x10, 0x00, 0x00, 0x00, 0x14, 0x00, 0x00, 0x00,
  0x08, 0x00, 0x00, 0x00, 0xec, 0xbf, 0xff, 0xff, 0x01, 0x00, 0x00, 0x00,
  0x4d, 0x00, 0x00, 0x00, 0x03, 0x00, 0x00, 0x00, 0x4c, 0x00, 0x00, 0x00,
  0x0f, 0x00, 0x00, 0x00, 0x0e, 0x00, 0x00, 0x00, 0x22, 0xf8, 0xff, 0xff,
  0x24, 0x00, 0x00, 0x00, 0x00, 0x00, 0x00, 0x20, 0x2c, 0x00, 0x00, 0x00,
  0x30, 0x00, 0x00, 0x00, 0x07, 0x00, 0x00, 0x00, 0x00, 0x00, 0x0e, 0x00,
  0x10, 0x00, 0x0c, 0x00, 0x08, 0x00, 0x00, 0x00, 0x00, 0x00, 0x04, 0x00,
  0x0e, 0x00, 0x00, 0x00, 0x02, 0x00, 0x00, 0x00, 0x05, 0x00, 0x00, 0x00,
  0x05, 0x00, 0x00, 0x00, 0x01, 0x00, 0x00, 0x00, 0x4c, 0x00, 0x00, 0x00,
  0x04, 0x00, 0x00, 0x00, 0x4b, 0x00, 0x00, 0x00, 0x0b, 0x00, 0x00, 0x00,
  0x0c, 0x00, 0x00, 0x00, 0x0d, 0x00, 0x00, 0x00, 0xe6, 0xf8, 0xff, 0xff,
  0x14, 0x00, 0x00, 0x00, 0x00, 0x00, 0x00, 0x0b, 0x10, 0x00, 0x00, 0x00,
  0x14, 0x00, 0x00, 0x00, 0x04, 0x00, 0x00, 0x00, 0x74, 0xc0, 0xff, 0xff,
  0x01, 0x00, 0x00, 0x00, 0x4b, 0x00, 0x00, 0x00, 0x02, 0x00, 0x00, 0x00,
  0x3c, 0x00, 0x00, 0x00, 0x4a, 0x00, 0x00, 0x00, 0x16, 0xf9, 0xff, 0xff,
  0x14, 0x00, 0x00, 0x00, 0x00, 0x00, 0x00, 0x0b, 0x14, 0x00, 0x00, 0x00,
  0x18, 0x00, 0x00, 0x00, 0x04, 0x00, 0x00, 0x00, 0x02, 0xfc, 0xff, 0xff,
  0x00, 0x00, 0x00, 0x01, 0x01, 0x00, 0x00, 0x00, 0x4a, 0x00, 0x00, 0x00,
  0x02, 0x00, 0x00, 0x00, 0x49, 0x00, 0x00, 0x00, 0x10, 0x00, 0x00, 0x00,
  0x0a, 0xf9, 0xff, 0xff, 0x0c, 0x00, 0x00, 0x00, 0x10, 0x00, 0x00, 0x00,
  0x06, 0x00, 0x00, 0x00, 0x01, 0x00, 0x00, 0x00, 0x49, 0x00, 0x00, 0x00,
  0x03, 0x00, 0x00, 0x00, 0x48, 0x00, 0x00, 0x00, 0x09, 0x00, 0x00, 0x00,
  0x06, 0x00, 0x00, 0x00, 0x32, 0xf9, 0xff, 0xff, 0x0c, 0x00, 0x00, 0x00,
  0x10, 0x00, 0x00, 0x00, 0x02, 0x00, 0x00, 0x00, 0x01, 0x00, 0x00, 0x00,
  0x48, 0x00, 0x00, 0x00, 0x02, 0x00, 0x00, 0x00, 0x47, 0x00, 0x00, 0x00,
  0x0a, 0x00, 0x00, 0x00, 0x96, 0xf9, 0xff, 0xff, 0x14, 0x00, 0x00, 0x00,
  0x00, 0x00, 0x00, 0x01, 0x1c, 0x00, 0x00, 0x00, 0x20, 0x00, 0x00, 0x00,
  0x01, 0x00, 0x00, 0x00, 0xfa, 0xfb, 0xff, 0xff, 0x01, 0x00, 0x00, 0x00,
  0x01, 0x00, 0x00, 0x00, 0x00, 0x00, 0x00, 0x01, 0x01, 0x00, 0x00, 0x00,
  0x47, 0x00, 0x00, 0x00, 0x03, 0x00, 0x00, 0x00, 0x46, 0x00, 0x00, 0x00,
  0x11, 0x00, 0x00, 0x00, 0x1a, 0x00, 0x00, 0x00, 0x0e, 0xf9, 0xff, 0xff,
  0x10, 0x00, 0x00, 0x00, 0x00, 0x00, 0x00, 0x34, 0x0c, 0x00, 0x00, 0x00,
  0x10, 0x00, 0x00, 0x00, 0x60, 0xc1, 0xff, 0xff, 0x01, 0x00, 0x00, 0x00,
  0x46, 0x00, 0x00, 0x00, 0x02, 0x00, 0x00, 0x00, 0x45, 0x00, 0x00, 0x00,
  0x01, 0x00, 0x00, 0x00, 0xc2, 0xf9, 0xff, 0xff, 0x0c, 0x00, 0x00, 0x00,
  0x10, 0x00, 0x00, 0x00, 0x05, 0x00, 0x00, 0x00, 0x01, 0x00, 0x00, 0x00,
  0x45, 0x00, 0x00, 0x00, 0x03, 0x00, 0x00, 0x00, 0x44, 0x00, 0x00, 0x00,
  0x09, 0x00, 0x00, 0x00, 0x06, 0x00, 0x00, 0x00, 0x2a, 0xfa, 0xff, 0xff,
  0x14, 0x00, 0x00, 0x00, 0x00, 0x00, 0x00, 0x16, 0x10, 0x00, 0x00, 0x00,
  0x14, 0x00, 0x00, 0x00, 0x03, 0x00, 0x00, 0x00, 0xb8, 0xc1, 0xff, 0xff,
  0x01, 0x00, 0x00, 0x00, 0x44, 0x00, 0x00, 0x00, 0x02, 0x00, 0x00, 0x00,
  0x43, 0x00, 0x00, 0x00, 0x08, 0x00, 0x00, 0x00, 0x5a, 0xfa, 0xff, 0xff,
  0x14, 0x00, 0x00, 0x00, 0x00, 0x00, 0x00, 0x0b, 0x14, 0x00, 0x00, 0x00,
  0x18, 0x00, 0x00, 0x00, 0x04, 0x00, 0x00, 0x00, 0x46, 0xfd, 0xff, 0xff,
  0x00, 0x00, 0x00, 0x01, 0x01, 0x00, 0x00, 0x00, 0x43, 0x00, 0x00, 0x00,
  0x02, 0x00, 0x00, 0x00, 0x42, 0x00, 0x00, 0x00, 0x12, 0x00, 0x00, 0x00,
  0x4e, 0xfa, 0xff, 0xff, 0x0c, 0x00, 0x00, 0x00, 0x10, 0x00, 0x00, 0x00,
  0x06, 0x00, 0x00, 0x00, 0x01, 0x00, 0x00, 0x00, 0x42, 0x00, 0x00, 0x00,
  0x03, 0x00, 0x00, 0x00, 0x41, 0x00, 0x00, 0x00, 0x09, 0x00, 0x00, 0x00,
  0x06, 0x00, 0x00, 0x00, 0x76, 0xfa, 0xff, 0xff, 0x0c, 0x00, 0x00, 0x00,
  0x10, 0x00, 0x00, 0x00, 0x02, 0x00, 0x00, 0x00, 0x01, 0x00, 0x00, 0x00,
  0x41, 0x00, 0x00, 0x00, 0x02, 0x00, 0x00, 0x00, 0x40, 0x00, 0x00, 0x00,
  0x0a, 0x00, 0x00, 0x00, 0xda, 0xfa, 0xff, 0xff, 0x14, 0x00, 0x00, 0x00,
  0x00, 0x00, 0x00, 0x01, 0x1c, 0x00, 0x00, 0x00, 0x20, 0x00, 0x00, 0x00,
  0x01, 0x00, 0x00, 0x00, 0x3e, 0xfd, 0xff, 0xff, 0x01, 0x00, 0x00, 0x00,
  0x01, 0x00, 0x00, 0x00, 0x00, 0x00, 0x00, 0x01, 0x01, 0x00, 0x00, 0x00,
  0x40, 0x00, 0x00, 0x00, 0x03, 0x00, 0x00, 0x00, 0x3f, 0x00, 0x00, 0x00,
  0x13, 0x00, 0x00, 0x00, 0x19, 0x00, 0x00, 0x00, 0x52, 0xfa, 0xff, 0xff,
  0x10, 0x00, 0x00, 0x00, 0x00, 0x00, 0x00, 0x34, 0x0c, 0x00, 0x00, 0x00,
  0x10, 0x00, 0x00, 0x00, 0xa4, 0xc2, 0xff, 0xff, 0x01, 0x00, 0x00, 0x00,
  0x3f, 0x00, 0x00, 0x00, 0x02, 0x00, 0x00, 0x00, 0x3e, 0x00, 0x00, 0x00,
  0x01, 0x00, 0x00, 0x00, 0x06, 0xfb, 0xff, 0xff, 0x0c, 0x00, 0x00, 0x00,
  0x10, 0x00, 0x00, 0x00, 0x05, 0x00, 0x00, 0x00, 0x01, 0x00, 0x00, 0x00,
  0x3e, 0x00, 0x00, 0x00, 0x03, 0x00, 0x00, 0x00, 0x3d, 0x00, 0x00, 0x00,
  0x09, 0x00, 0x00, 0x00, 0x06, 0x00, 0x00, 0x00, 0x6e, 0xfb, 0xff, 0xff,
  0x14, 0x00, 0x00, 0x00, 0x00, 0x00, 0x00, 0x16, 0x10, 0x00, 0x00, 0x00,
  0x14, 0x00, 0x00, 0x00, 0x03, 0x00, 0x00, 0x00, 0xfc, 0xc2, 0xff, 0xff,
  0x01, 0x00, 0x00, 0x00, 0x3d, 0x00, 0x00, 0x00, 0x02, 0x00, 0x00, 0x00,
  0x3c, 0x00, 0x00, 0x00, 0x08, 0x00, 0x00, 0x00, 0x9e, 0xfb, 0xff, 0xff,
  0x14, 0x00, 0x00, 0x00, 0x00, 0x00, 0x00, 0x0b, 0x10, 0x00, 0x00, 0x00,
  0x14, 0x00, 0x00, 0x00, 0x04, 0x00, 0x00, 0x00, 0x2c, 0xc3, 0xff, 0xff,
  0x01, 0x00, 0x00, 0x00, 0x3c, 0x00, 0x00, 0x00, 0x02, 0x00, 0x00, 0x00,
  0x2d, 0x00, 0x00, 0x00, 0x3b, 0x00, 0x00, 0x00, 0xce, 0xfb, 0xff, 0xff,
  0x14, 0x00, 0x00, 0x00, 0x00, 0x00, 0x00, 0x0b, 0x14, 0x00, 0x00, 0x00,
  0x18, 0x00, 0x00, 0x00, 0x04, 0x00, 0x00, 0x00, 0xba, 0xfe, 0xff, 0xff,
  0x00, 0x00, 0x00, 0x01, 0x01, 0x00, 0x00, 0x00, 0x3b, 0x00, 0x00, 0x00,
  0x02, 0x00, 0x00, 0x00, 0x3a, 0x00, 0x00, 0x00, 0x14, 0x00, 0x00, 0x00,
  0xc2, 0xfb, 0xff, 0xff, 0x0c, 0x00, 0x00, 0x00, 0x10, 0x00, 0x00, 0x00,
  0x06, 0x00, 0x00, 0x00, 0x01, 0x00, 0x00, 0x00, 0x3a, 0x00, 0x00, 0x00,
  0x03, 0x00, 0x00, 0x00, 0x39, 0x00, 0x00, 0x00, 0x05, 0x00, 0x00, 0x00,
  0x06, 0x00, 0x00, 0x00, 0xea, 0xfb, 0xff, 0xff, 0x0c, 0x00, 0x00, 0x00,
  0x10, 0x00, 0x00, 0x00, 0x02, 0x00, 0x00, 0x00, 0x01, 0x00, 0x00, 0x00,
  0x39, 0x00, 0x00, 0x00, 0x02, 0x00, 0x00, 0x00, 0x38, 0x00, 0x00, 0x00,
  0x07, 0x00, 0x00, 0x00, 0x4e, 0xfc, 0xff, 0xff, 0x14, 0x00, 0x00, 0x00,
  0x00, 0x00, 0x00, 0x01, 0x1c, 0x00, 0x00, 0x00, 0x20, 0x00, 0x00, 0x00,
  0x01, 0x00, 0x00, 0x00, 0xb2, 0xfe, 0xff, 0xff, 0x01, 0x00, 0x00, 0x00,
  0x01, 0x00, 0x00, 0x00, 0x00, 0x00, 0x00, 0x01, 0x01, 0x00, 0x00, 0x00,
  0x38, 0x00, 0x00, 0x00, 0x03, 0x00, 0x00, 0x00, 0x37, 0x00, 0x00, 0x00,
  0x15, 0x00, 0x00, 0x00, 0x18, 0x00, 0x00, 0x00, 0xc6, 0xfb, 0xff, 0xff,
  0x10, 0x00, 0x00, 0x00, 0x00, 0x00, 0x00, 0x34, 0x0c, 0x00, 0x00, 0x00,
  0x10, 0x00, 0x00, 0x00, 0x18, 0xc4, 0xff, 0xff, 0x01, 0x00, 0x00, 0x00,
  0x37, 0x00, 0x00, 0x00, 0x02, 0x00, 0x00, 0x00, 0x36, 0x00, 0x00, 0x00,
  0x01, 0x00, 0x00, 0x00, 0x7a, 0xfc, 0xff, 0xff, 0x0c, 0x00, 0x00, 0x00,
  0x10, 0x00, 0x00, 0x00, 0x05, 0x00, 0x00, 0x00, 0x01, 0x00, 0x00, 0x00,
  0x36, 0x00, 0x00, 0x00, 0x03, 0x00, 0x00, 0x00, 0x35, 0x00, 0x00, 0x00,
  0x05, 0x00, 0x00, 0x00, 0x06, 0x00, 0x00, 0x00, 0xe2, 0xfc, 0xff, 0xff,
  0x14, 0x00, 0x00, 0x00, 0x00, 0x00, 0x00, 0x16, 0x10, 0x00, 0x00, 0x00,
  0x14, 0x00, 0x00, 0x00, 0x03, 0x00, 0x00, 0x00, 0x70, 0xc4, 0xff, 0xff,
  0x01, 0x00, 0x00, 0x00, 0x35, 0x00, 0x00, 0x00, 0x02, 0x00, 0x00, 0x00,
  0x34, 0x00, 0x00, 0x00, 0x04, 0x00, 0x00, 0x00, 0xa2, 0xfc, 0xff, 0xff,
  0x1c, 0x00, 0x00, 0x00, 0x00, 0x00, 0x00, 0x0b, 0x1c, 0x00, 0x00, 0x00,
  0x20, 0x00, 0x00, 0x00, 0x04, 0x00, 0x00, 0x00, 0x00, 0x00, 0x06, 0x00,
  0x08, 0x00, 0x07, 0x00, 0x06, 0x00, 0x00, 0x00, 0x00, 0x00, 0x00, 0x01,
  0x01, 0x00, 0x00, 0x00, 0x34, 0x00, 0x00, 0x00, 0x02, 0x00, 0x00, 0x00,
  0x33, 0x00, 0x00, 0x00, 0x16, 0x00, 0x00, 0x00, 0x0e, 0xfd, 0xff, 0xff,
  0x0c, 0x00, 0x00, 0x00, 0x10, 0x00, 0x00, 0x00, 0x06, 0x00, 0x00, 0x00,
  0x01, 0x00, 0x00, 0x00, 0x33, 0x00, 0x00, 0x00, 0x03, 0x00, 0x00, 0x00,
  0x32, 0x00, 0x00, 0x00, 0x05, 0x00, 0x00, 0x00, 0x06, 0x00, 0x00, 0x00,
  0x36, 0xfd, 0xff, 0xff, 0x0c, 0x00, 0x00, 0x00, 0x10, 0x00, 0x00, 0x00,
  0x02, 0x00, 0x00, 0x00, 0x01, 0x00, 0x00, 0x00, 0x32, 0x00, 0x00, 0x00,
  0x02, 0x00, 0x00, 0x00, 0x31, 0x00, 0x00, 0x00, 0x07, 0x00, 0x00, 0x00,
  0x2a, 0xfd, 0xff, 0xff, 0x20, 0x00, 0x00, 0x00, 0x00, 0x00, 0x00, 0x01,
  0x28, 0x00, 0x00, 0x00, 0x2c, 0x00, 0x00, 0x00, 0x01, 0x00, 0x00, 0x00,
  0x00, 0x00, 0x0a, 0x00, 0x10, 0x00, 0x0f, 0x00, 0x08, 0x00, 0x04, 0x00,
  0x0a, 0x00, 0x00, 0x00, 0x01, 0x00, 0x00, 0x00, 0x01, 0x00, 0x00, 0x00,
  0x00, 0x00, 0x00, 0x01, 0x01, 0x00, 0x00, 0x00, 0x31, 0x00, 0x00, 0x00,
  0x03, 0x00, 0x00, 0x00, 0x30, 0x00, 0x00, 0x00, 0x1b, 0x00, 0x00, 0x00,
  0x17, 0x00, 0x00, 0x00, 0x1e, 0xfd, 0xff, 0xff, 0x10, 0x00, 0x00, 0x00,
  0x00, 0x00, 0x00, 0x34, 0x0c, 0x00, 0x00, 0x00, 0x10, 0x00, 0x00, 0x00,
  0x70, 0xc5, 0xff, 0xff, 0x01, 0x00, 0x00, 0x00, 0x30, 0x00, 0x00, 0x00,
  0x02, 0x00, 0x00, 0x00, 0x2f, 0x00, 0x00, 0x00, 0x01, 0x00, 0x00, 0x00,
  0xd2, 0xfd, 0xff, 0xff, 0x0c, 0x00, 0x00, 0x00, 0x10, 0x00, 0x00, 0x00,
  0x05, 0x00, 0x00, 0x00, 0x01, 0x00, 0x00, 0x00, 0x2f, 0x00, 0x00, 0x00,
  0x03, 0x00, 0x00, 0x00, 0x2e, 0x00, 0x00, 0x00, 0x05, 0x00, 0x00, 0x00,
  0x06, 0x00, 0x00, 0x00, 0x3a, 0xfe, 0xff, 0xff, 0x14, 0x00, 0x00, 0x00,
  0x00, 0x00, 0x00, 0x16, 0x10, 0x00, 0x00, 0x00, 0x14, 0x00, 0x00, 0x00,
  0x03, 0x00, 0x00, 0x00, 0xc8, 0xc5, 0xff, 0xff, 0x01, 0x00, 0x00, 0x00,
  0x2e, 0x00, 0x00, 0x00, 0x02, 0x00, 0x00, 0x00, 0x2d, 0x00, 0x00, 0x00,
  0x04, 0x00, 0x00, 0x00, 0x2a, 0xfe, 0xff, 0xff, 0x0c, 0x00, 0x00, 0x00,
  0x10, 0x00, 0x00, 0x00, 0x02, 0x00, 0x00, 0x00, 0x01, 0x00, 0x00, 0x00,
  0x2d, 0x00, 0x00, 0x00, 0x02, 0x00, 0x00, 0x00, 0x2c, 0x00, 0x00, 0x00,
  0x02, 0x00, 0x00, 0x00, 0x8e, 0xfe, 0xff, 0xff, 0x14, 0x00, 0x00, 0x00,
  0x00, 0x00, 0x00, 0x0b, 0x10, 0x00, 0x00, 0x00, 0x14, 0x00, 0x00, 0x00,
  0x04, 0x00, 0x00, 0x00, 0x1c, 0xc6, 0xff, 0xff, 0x01, 0x00, 0x00, 0x00,
  0x2c, 0x00, 0x00, 0x00, 0x02, 0x00, 0x00, 0x00, 0x23, 0x00, 0x00, 0x00,
  0x2b, 0x00, 0x00, 0x00, 0xbe, 0xfe, 0xff, 0xff, 0x14, 0x00, 0x00, 0x00,
  0x00, 0x00, 0x00, 0x01, 0x20, 0x00, 0x00, 0x00, 0x24, 0x00, 0x00, 0x00,
  0x01, 0x00, 0x00, 0x00, 0x3c, 0xff, 0xff, 0xff, 0x00, 0x00, 0x00, 0x01,
  0x01, 0x00, 0x00, 0x00, 0x01, 0x00, 0x00, 0x00, 0x00, 0x00, 0x00, 0x01,
  0x01, 0x00, 0x00, 0x00, 0x2b, 0x00, 0x00, 0x00, 0x03, 0x00, 0x00, 0x00,
  0x2a, 0x00, 0x00, 0x00, 0x1d, 0x00, 0x00, 0x00, 0x1c, 0x00, 0x00, 0x00,
  0x3a, 0xfe, 0xff, 0xff, 0x10, 0x00, 0x00, 0x00, 0x00, 0x00, 0x00, 0x34,
  0x0c, 0x00, 0x00, 0x00, 0x10, 0x00, 0x00, 0x00, 0x8c, 0xc6, 0xff, 0xff,
  0x01, 0x00, 0x00, 0x00, 0x2a, 0x00, 0x00, 0x00, 0x02, 0x00, 0x00, 0x00,
  0x29, 0x00, 0x00, 0x00, 0x01, 0x00, 0x00, 0x00, 0x2e, 0xff, 0xff, 0xff,
  0x14, 0x00, 0x00, 0x00, 0x00, 0x00, 0x00, 0x16, 0x10, 0x00, 0x00, 0x00,
  0x14, 0x00, 0x00, 0x00, 0x03, 0x00, 0x00, 0x00, 0xbc, 0xc6, 0xff, 0xff,
  0x01, 0x00, 0x00, 0x00, 0x29, 0x00, 0x00, 0x00, 0x02, 0x00, 0x00, 0x00,
  0x28, 0x00, 0x00, 0x00, 0x03, 0x00, 0x00, 0x00, 0x1e, 0xff, 0xff, 0xff,
  0x0c, 0x00, 0x00, 0x00, 0x10, 0x00, 0x00, 0x00, 0x02, 0x00, 0x00, 0x00,
  0x01, 0x00, 0x00, 0x00, 0x28, 0x00, 0x00, 0x00, 0x02, 0x00, 0x00, 0x00,
  0x27, 0x00, 0x00, 0x00, 0x02, 0x00, 0x00, 0x00, 0x82, 0xff, 0xff, 0xff,
  0x20, 0x00, 0x00, 0x00, 0x00, 0x00, 0x00, 0x01, 0x2c, 0x00, 0x00, 0x00,
  0x30, 0x00, 0x00, 0x00, 0x01, 0x00, 0x00, 0x00, 0x0c, 0x00, 0x14, 0x00,
  0x13, 0x00, 0x0c, 0x00, 0x08, 0x00, 0x07, 0x00, 0x0c, 0x00, 0x00, 0x00,
  0x00, 0x00, 0x00, 0x01, 0x01, 0x00, 0x00, 0x00, 0x01, 0x00, 0x00, 0x00,
  0x00, 0x00, 0x00, 0x01, 0x01, 0x00, 0x00, 0x00, 0x27, 0x00, 0x00, 0x00,
  0x03, 0x00, 0x00, 0x00, 0x26, 0x00, 0x00, 0x00, 0x1f, 0x00, 0x00, 0x00,
  0x1e, 0x00, 0x00, 0x00, 0x0a, 0xff, 0xff, 0xff, 0x10, 0x00, 0x00, 0x00,
  0x00, 0x00, 0x00, 0x34, 0x0c, 0x00, 0x00, 0x00, 0x10, 0x00, 0x00, 0x00,
  0x5c, 0xc7, 0xff, 0xff, 0x01, 0x00, 0x00, 0x00, 0x26, 0x00, 0x00, 0x00,
  0x02, 0x00, 0x00, 0x00, 0x25, 0x00, 0x00, 0x00, 0x01, 0x00, 0x00, 0x00,
  0x00, 0x00, 0x0e, 0x00, 0x18, 0x00, 0x14, 0x00, 0x10, 0x00, 0x0c, 0x00,
  0x0b, 0x00, 0x04, 0x00, 0x0e, 0x00, 0x00, 0x00, 0x14, 0x00, 0x00, 0x00,
  0x00, 0x00, 0x00, 0x16, 0x10, 0x00, 0x00, 0x00, 0x14, 0x00, 0x00, 0x00,
  0x03, 0x00, 0x00, 0x00, 0x9c, 0xc7, 0xff, 0xff, 0x01, 0x00, 0x00, 0x00,
  0x25, 0x00, 0x00, 0x00, 0x02, 0x00, 0x00, 0x00, 0x24, 0x00, 0x00, 0x00,
  0x03, 0x00, 0x00, 0x00, 0x00, 0x00, 0x0a, 0x00, 0x10, 0x00, 0x0c, 0x00,
  0x08, 0x00, 0x04, 0x00, 0x0a, 0x00, 0x00, 0x00, 0x0c, 0x00, 0x00, 0x00,
  0x10, 0x00, 0x00, 0x00, 0x02, 0x00, 0x00, 0x00, 0x01, 0x00, 0x00, 0x00,
  0x24, 0x00, 0x00, 0x00, 0x02, 0x00, 0x00, 0x00, 0x23, 0x00, 0x00, 0x00,
  0x02, 0x00, 0x00, 0x00, 0x00, 0x00, 0x0e, 0x00, 0x1a, 0x00, 0x14, 0x00,
  0x10, 0x00, 0x0c, 0x00, 0x0b, 0x00, 0x04, 0x00, 0x0e, 0x00, 0x00, 0x00,
  0x20, 0x00, 0x00, 0x00, 0x00, 0x00, 0x00, 0x01, 0x24, 0x00, 0x00, 0x00,
  0x28, 0x00, 0x00, 0x00, 0x01, 0x00, 0x00, 0x00, 0x00, 0x00, 0x0a, 0x00,
  0x0c, 0x00, 0x00, 0x00, 0x08, 0x00, 0x04, 0x00, 0x0a, 0x00, 0x00, 0x00,
  0x01, 0x00, 0x00, 0x00, 0x01, 0x00, 0x00, 0x00, 0x01, 0x00, 0x00, 0x00,
  0x23, 0x00, 0x00, 0x00, 0x03, 0x00, 0x00, 0x00, 0x22, 0x00, 0x00, 0x00,
  0x21, 0x00, 0x00, 0x00, 0x20, 0x00, 0x00, 0x00, 0x00, 0x00, 0x0e, 0x00,
  0x14, 0x00, 0x00, 0x00, 0x10, 0x00, 0x0c, 0x00, 0x0b, 0x00, 0x04, 0x00,
  0x0e, 0x00, 0x00, 0x00, 0x10, 0x00, 0x00, 0x00, 0x00, 0x00, 0x00, 0x34,
  0x0c, 0x00, 0x00, 0x00, 0x10, 0x00, 0x00, 0x00, 0x60, 0xc8, 0xff, 0xff,
  0x01, 0x00, 0x00, 0x00, 0x22, 0x00, 0x00, 0x00, 0x02, 0x00, 0x00, 0x00,
  0x00, 0x00, 0x00, 0x00, 0x01, 0x00, 0x00, 0x00, 0x01, 0x00, 0x00, 0x00,
  0x4d, 0x00, 0x00, 0x00, 0x01, 0x00, 0x00, 0x00, 0x00, 0x00, 0x00, 0x00,
  0x4e, 0x00, 0x00, 0x00, 0xc0, 0x37, 0x00, 0x00, 0x54, 0x37, 0x00, 0x00,
  0xec, 0x36, 0x00, 0x00, 0x9c, 0x36, 0x00, 0x00, 0x4c, 0x36, 0x00, 0x00,
  0xe8, 0x35, 0x00, 0x00, 0x88, 0x35, 0x00, 0x00, 0x38, 0x35, 0x00, 0x00,
  0xe8, 0x34, 0x00, 0x00, 0x84, 0x34, 0x00, 0x00, 0x34, 0x34, 0x00, 0x00,
  0xe0, 0x33, 0x00, 0x00, 0x8c, 0x33, 0x00, 0x00, 0x38, 0x33, 0x00, 0x00,
  0xc8, 0x32, 0x00, 0x00, 0x64, 0x32, 0x00, 0x00, 0xf0, 0x31, 0x00, 0x00,
  0x6c, 0x30, 0x00, 0x00, 0xf8, 0x2f, 0x00, 0x00, 0x74, 0x2e, 0x00, 0x00,
  0x00, 0x2e, 0x00, 0x00, 0x7c, 0x2c, 0x00, 0x00, 0x08, 0x2c, 0x00, 0x00,
  0x8c, 0x2a, 0x00, 0x00, 0x10, 0x29, 0x00, 0x00, 0x94, 0x27, 0x00, 0x00,
  0x18, 0x26, 0x00, 0x00, 0x94, 0x24, 0x00, 0x00, 0x08, 0x23, 0x00, 0x00,
  0x84, 0x21, 0x00, 0x00, 0xf8, 0x1f, 0x00, 0x00, 0x74, 0x1e, 0x00, 0x00,
  0xf0, 0x1c, 0x00, 0x00, 0x6c, 0x1b, 0x00, 0x00, 0xd8, 0x1a, 0x00, 0x00,
  0xe4, 0x19, 0x00, 0x00, 0x24, 0x19, 0x00, 0x00, 0xa8, 0x18, 0x00, 0x00,
  0x10, 0x18, 0x00, 0x00, 0x04, 0x17, 0x00, 0x00, 0x2c, 0x16, 0x00, 0x00,
  0xb0, 0x15, 0x00, 0x00, 0x18, 0x15, 0x00, 0x00, 0x0c, 0x14, 0x00, 0x00,
  0xc8, 0x12, 0x00, 0x00, 0x88, 0x11, 0x00, 0x00, 0x0c, 0x11, 0x00, 0x00,
  0x78, 0x10, 0x00, 0x00, 0xe0, 0x0f, 0x00, 0x00, 0x54, 0x0f, 0x00, 0x00,
  0xcc, 0x0e, 0x00, 0x00, 0x38, 0x0e, 0x00, 0x00, 0xa4, 0x0d, 0x00, 0x00,
  0x28, 0x0d, 0x00, 0x00, 0x94, 0x0c, 0x00, 0x00, 0xfc, 0x0b, 0x00, 0x00,
  0x70, 0x0b, 0x00, 0x00, 0xe8, 0x0a, 0x00, 0x00, 0x54, 0x0a, 0x00, 0x00,
  0xc0, 0x09, 0x00, 0x00, 0x44, 0x09, 0x00, 0x00, 0xc8, 0x08, 0x00, 0x00,
  0x34, 0x08, 0x00, 0x00, 0x9c, 0x07, 0x00, 0x00, 0x10, 0x07, 0x00, 0x00,
  0x88, 0x06, 0x00, 0x00, 0xf4, 0x05, 0x00, 0x00, 0x60, 0x05, 0x00, 0x00,
  0xe4, 0x04, 0x00, 0x00, 0x50, 0x04, 0x00, 0x00, 0xb8, 0x03, 0x00, 0x00,
  0x2c, 0x03, 0x00, 0x00, 0xa4, 0x02, 0x00, 0x00, 0x10, 0x02, 0x00, 0x00,
  0x7c, 0x01, 0x00, 0x00, 0x00, 0x01, 0x00, 0x00, 0x80, 0x00, 0x00, 0x00,
  0x04, 0x00, 0x00, 0x00, 0x8e, 0xc9, 0xff, 0xff, 0x00, 0x00, 0x00, 0x01,
  0x18, 0x00, 0x00, 0x00, 0x20, 0x00, 0x00, 0x00, 0x3c, 0x00, 0x00, 0x00,
  0x4e, 0x00, 0x00, 0x00, 0x00, 0x00, 0x00, 0x09, 0x50, 0x00, 0x00, 0x00,
  0x02, 0x00, 0x00, 0x00, 0xff, 0xff, 0xff, 0xff, 0x01, 0x00, 0x00, 0x00,
  0x74, 0xc9, 0xff, 0xff, 0x08, 0x00, 0x00, 0x00, 0x10, 0x00, 0x00, 0x00,
  0x01, 0x00, 0x00, 0x00, 0x80, 0xff, 0xff, 0xff, 0xff, 0xff, 0xff, 0xff,
  0x01, 0x00, 0x00, 0x00, 0x10, 0xf2, 0x57, 0x3b, 0x19, 0x00, 0x00, 0x00,
  0x53, 0x74, 0x61, 0x74, 0x65, 0x66, 0x75, 0x6c, 0x50, 0x61, 0x72, 0x74,
  0x69, 0x74, 0x69, 0x6f, 0x6e, 0x65, 0x64, 0x43, 0x61, 0x6c, 0x6c, 0x3a,
  0x30, 0x00, 0x00, 0x00, 0x02, 0x00, 0x00, 0x00, 0x01, 0x00, 0x00, 0x00,
  0x01, 0x00, 0x00, 0x00, 0x06, 0xca, 0xff, 0xff, 0x00, 0x00, 0x00, 0x01,
  0x18, 0x00, 0x00, 0x00, 0x20, 0x00, 0x00, 0x00, 0x40, 0x00, 0x00, 0x00,
  0x4d, 0x00, 0x00, 0x00, 0x00, 0x00, 0x00, 0x09, 0x54, 0x00, 0x00, 0x00,
  0x02, 0x00, 0x00, 0x00, 0xff, 0xff, 0xff, 0xff, 0x18, 0x00, 0x00, 0x00,
  0xec, 0xc9, 0xff, 0xff, 0x08, 0x00, 0x00, 0x00, 0x14, 0x00, 0x00, 0x00,
  0x01, 0x00, 0x00, 0x00, 0x09, 0x00, 0x00, 0x00, 0x00, 0x00, 0x00, 0x00,
  0x00, 0x00, 0x00, 0x00, 0x01, 0x00, 0x00, 0x00, 0x1d, 0xdb, 0xb0, 0x3b,
  0x1a, 0x00, 0x00, 0x00, 0x6d, 0x6f, 0x64, 0x65, 0x6c, 0x2f, 0x6c, 0x61,
  0x6d, 0x62, 0x64, 0x61, 0x2f, 0x73, 0x74, 0x72, 0x69, 0x64, 0x65, 0x64,
  0x5f, 0x73, 0x6c, 0x69, 0x63, 0x65, 0x00, 0x00, 0x02, 0x00, 0x00, 0x00,
  0x01, 0x00, 0x00, 0x00, 0x18, 0x00, 0x00, 0x00, 0x82, 0xca, 0xff, 0xff,
  0x00, 0x00, 0x00, 0x01, 0x18, 0x00, 0x00, 0x00, 0x24, 0x00, 0x00, 0x00,
  0x44, 0x00, 0x00, 0x00, 0x4c, 0x00, 0x00, 0x00, 0x00, 0x00, 0x00, 0x09,
  0x4c, 0x00, 0x00, 0x00, 0x03, 0x00, 0x00, 0x00, 0xff, 0xff, 0xff, 0xff,
  0x18, 0x00, 0x00, 0x00, 0x18, 0x00, 0x00, 0x00, 0x6c, 0xca, 0xff, 0xff,
  0x08, 0x00, 0x00, 0x00, 0x14, 0x00, 0x00, 0x00, 0x01, 0x00, 0x00, 0x00,
  0x09, 0x00, 0x00, 0x00, 0x00, 0x00, 0x00, 0x00, 0x00, 0x00, 0x00, 0x00,
  0x01, 0x00, 0x00, 0x00, 0x1d, 0xdb, 0xb0, 0x3b, 0x0f, 0x00, 0x00, 0x00,
  0x6d, 0x6f, 0x64, 0x65, 0x6c, 0x2f, 0x61, 0x64, 0x64, 0x5f, 0x32, 0x2f,
  0x61, 0x64, 0x64, 0x00, 0x03, 0x00, 0x00, 0x00, 0x01, 0x00, 0x00, 0x00,
  0x18, 0x00, 0x00, 0x00, 0x18, 0x00, 0x00, 0x00, 0xfa, 0xca, 0xff, 0xff,
  0x00, 0x00, 0x00, 0x01, 0x18, 0x00, 0x00, 0x00, 0x24, 0x00, 0x00, 0x00,
  0x40, 0x00, 0x00, 0x00, 0x4b, 0x00, 0x00, 0x00, 0x00, 0x00, 0x00, 0x09,
  0x64, 0x00, 0x00, 0x00, 0x03, 0x00, 0x00, 0x00, 0xff, 0xff, 0xff, 0xff,
  0x18, 0x00, 0x00, 0x00, 0x18, 0x00, 0x00, 0x00, 0xe4, 0xca, 0xff, 0xff,
  0x08, 0x00, 0x00, 0x00, 0x10, 0x00, 0x00, 0x00, 0x01, 0x00, 0x00, 0x00,
  0x09, 0x00, 0x00, 0x00, 0x00, 0x00, 0x00, 0x00, 0x01, 0x00, 0x00, 0x00,
  0x1d, 0xdb, 0xb0, 0x3b, 0x2a, 0x00, 0x00, 0x00, 0x6d, 0x6f, 0x64, 0x65,
  0x6c, 0x2f, 0x63, 0x6f, 0x6e, 0x76, 0x31, 0x64, 0x5f, 0x36, 0x2f, 0x52,
  0x65, 0x6c, 0x75, 0x3b, 0x6d, 0x6f, 0x64, 0x65, 0x6c, 0x2f, 0x63, 0x6f,
  0x6e, 0x76, 0x31, 0x64, 0x5f, 0x36, 0x2f, 0x42, 0x69, 0x61, 0x73, 0x41,
  0x64, 0x64, 0x00, 0x00, 0x03, 0x00, 0x00, 0x00, 0x01, 0x00, 0x00, 0x00,
  0x18, 0x00, 0x00, 0x00, 0x18, 0x00, 0x00, 0x00, 0x8a, 0xcb, 0xff, 0xff,
  0x00, 0x00, 0x00, 0x01, 0x18, 0x00, 0x00, 0x00, 0x24, 0x00, 0x00, 0x00,
  0x44, 0x00, 0x00, 0x00, 0x4a, 0x00, 0x00, 0x00, 0x00, 0x00, 0x00, 0x09,
  0x64, 0x00, 0x00, 0x00, 0x03, 0x00, 0x00, 0x00, 0xff, 0xff, 0xff, 0xff,
  0x18, 0x00, 0x00, 0x00, 0x18, 0x00, 0x00, 0x00, 0x74, 0xcb, 0xff, 0xff,
  0x08, 0x00, 0x00, 0x00, 0x14, 0x00, 0x00, 0x00, 0x01, 0x00, 0x00, 0x00,
  0x16, 0x00, 0x00, 0x00, 0x00, 0x00, 0x00, 0x00, 0x00, 0x00, 0x00, 0x00,
  0x01, 0x00, 0x00, 0x00, 0xcd, 0xd0, 0xc1, 0x3a, 0x24, 0x00, 0x00, 0x00,
  0x6d, 0x6f, 0x64, 0x65, 0x6c, 0x2f, 0x63, 0x6f, 0x6e, 0x76, 0x31, 0x64,
  0x5f, 0x36, 0x2f, 0x43, 0x6f, 0x6e, 0x76, 0x31, 0x44, 0x2f, 0x42, 0x61,
  0x74, 0x63, 0x68, 0x54, 0x6f, 0x53, 0x70, 0x61, 0x63, 0x65, 0x4e, 0x44,
  0x00, 0x00, 0x00, 0x00, 0x03, 0x00, 0x00, 0x00, 0x01, 0x00, 0x00, 0x00,
  0x18, 0x00, 0x00, 0x00, 0x18, 0x00, 0x00, 0x00, 0x1a, 0xcc, 0xff, 0xff,
  0x00, 0x00, 0x00, 0x01, 0x18, 0x00, 0x00, 0x00, 0x24, 0x00, 0x00, 0x00,
  0x40, 0x00, 0x00, 0x00, 0x49, 0x00, 0x00, 0x00, 0x00, 0x00, 0x00, 0x09,
  0x58, 0x00, 0x00, 0x00, 0x03, 0x00, 0x00, 0x00, 0xff, 0xff, 0xff, 0xff,
  0x06, 0x00, 0x00, 0x00, 0x18, 0x00, 0x00, 0x00, 0x04, 0xcc, 0xff, 0xff,
  0x08, 0x00, 0x00, 0x00, 0x10, 0x00, 0x00, 0x00, 0x01, 0x00, 0x00, 0x00,
  0x16, 0x00, 0x00, 0x00, 0x00, 0x00, 0x00, 0x00, 0x01, 0x00, 0x00, 0x00,
  0xcd, 0xd0, 0xc1, 0x3a, 0x1e, 0x00, 0x00, 0x00, 0x6d, 0x6f, 0x64, 0x65,
  0x6c, 0x2f, 0x63, 0x6f, 0x6e, 0x76, 0x31, 0x64, 0x5f, 0x36, 0x2f, 0x43,
  0x6f, 0x6e, 0x76, 0x31, 0x44, 0x2f, 0x53, 0x71, 0x75, 0x65, 0x65, 0x7a,
  0x65, 0x31, 0x00, 0x00, 0x03, 0x00, 0x00, 0x00, 0x01, 0x00, 0x00, 0x00,
  0x06, 0x00, 0x00, 0x00, 0x18, 0x00, 0x00, 0x00, 0x9e, 0xcc, 0xff, 0xff,
  0x00, 0x00, 0x00, 0x01, 0x18, 0x00, 0x00, 0x00, 0x28, 0x00, 0x00, 0x00,
  0x48, 0x00, 0x00, 0x00, 0x48, 0x00, 0x00, 0x00, 0x00, 0x00, 0x00, 0x09,
  0x58, 0x00, 0x00, 0x00, 0x04, 0x00, 0x00, 0x00, 0xff, 0xff, 0xff, 0xff,
  0x01, 0x00, 0x00, 0x00, 0x06, 0x00, 0x00, 0x00, 0x18, 0x00, 0x00, 0x00,
  0x8c, 0xcc, 0xff, 0xff, 0x08, 0x00, 0x00, 0x00, 0x14, 0x00, 0x00, 0x00,
  0x01, 0x00, 0x00, 0x00, 0x16, 0x00, 0x00, 0x00, 0x00, 0x00, 0x00, 0x00,
  0x00, 0x00, 0x00, 0x00, 0x01, 0x00, 0x00, 0x00, 0xcd, 0xd0, 0xc1, 0x3a,
  0x17, 0x00, 0x00, 0x00, 0x6d, 0x6f, 0x64, 0x65, 0x6c, 0x2f, 0x63, 0x6f,
  0x6e, 0x76, 0x31, 0x64, 0x5f, 0x36, 0x2f, 0x43, 0x6f, 0x6e, 0x76, 0x31,
  0x44, 0x32, 0x31, 0x00, 0x04, 0x00, 0x00, 0x00, 0x01, 0x00, 0x00, 0x00,
  0x01, 0x00, 0x00, 0x00, 0x06, 0x00, 0x00, 0x00, 0x18, 0x00, 0x00, 0x00,
  0x26, 0xcd, 0xff, 0xff, 0x00, 0x00, 0x00, 0x01, 0x18, 0x00, 0x00, 0x00,
  0x28, 0x00, 0x00, 0x00, 0x48, 0x00, 0x00, 0x00, 0x47, 0x00, 0x00, 0x00,
  0x00, 0x00, 0x00, 0x09, 0x64, 0x00, 0x00, 0x00, 0x04, 0x00, 0x00, 0x00,
  0xff, 0xff, 0xff, 0xff, 0x01, 0x00, 0x00, 0x00, 0x08, 0x00, 0x00, 0x00,
  0x18, 0x00, 0x00, 0x00, 0x14, 0xcd, 0xff, 0xff, 0x08, 0x00, 0x00, 0x00,
  0x14, 0x00, 0x00, 0x00, 0x01, 0x00, 0x00, 0x00, 0x80, 0xff, 0xff, 0xff,
  0xff, 0xff, 0xff, 0xff, 0x00, 0x00, 0x00, 0x00, 0x01, 0x00, 0x00, 0x00,
  0xa1, 0x7c, 0xa4, 0x3a, 0x20, 0x00, 0x00, 0x00, 0x6d, 0x6f, 0x64, 0x65,
  0x6c, 0x2f, 0x63, 0x6f, 0x6e, 0x76, 0x31, 0x64, 0x5f, 0x36, 0x2f, 0x43,
  0x6f, 0x6e, 0x76, 0x31, 0x44, 0x2f, 0x45, 0x78, 0x70, 0x61, 0x6e, 0x64,
  0x44, 0x69, 0x6d, 0x73, 0x00, 0x00, 0x00, 0x00, 0x04, 0x00, 0x00, 0x00,
  0x01, 0x00, 0x00, 0x00, 0x01, 0x00, 0x00, 0x00, 0x08, 0x00, 0x00, 0x00,
  0x18, 0x00, 0x00, 0x00, 0xba, 0xcd, 0xff, 0xff, 0x00, 0x00, 0x00, 0x01,
  0x18, 0x00, 0x00, 0x00, 0x24, 0x00, 0x00, 0x00, 0x44, 0x00, 0x00, 0x00,
  0x46, 0x00, 0x00, 0x00, 0x00, 0x00, 0x00, 0x09, 0x64, 0x00, 0x00, 0x00,
  0x03, 0x00, 0x00, 0x00, 0xff, 0xff, 0xff, 0xff, 0x08, 0x00, 0x00, 0x00,
  0x18, 0x00, 0x00, 0x00, 0xa4, 0xcd, 0xff, 0xff, 0x08, 0x00, 0x00, 0x00,
  0x14, 0x00, 0x00, 0x00, 0x01, 0x00, 0x00, 0x00, 0x80, 0xff, 0xff, 0xff,
  0xff, 0xff, 0xff, 0xff, 0x00, 0x00, 0x00, 0x00, 0x01, 0x00, 0x00, 0x00,
  0xa1, 0x7c, 0xa4, 0x3a, 0x24, 0x00, 0x00, 0x00, 0x6d, 0x6f, 0x64, 0x65,
  0x6c, 0x2f, 0x63, 0x6f, 0x6e, 0x76, 0x31, 0x64, 0x5f, 0x36, 0x2f, 0x43,
  0x6f, 0x6e, 0x76, 0x31, 0x44, 0x2f, 0x53, 0x70, 0x61, 0x63, 0x65, 0x54,
  0x6f, 0x42, 0x61, 0x74, 0x63, 0x68, 0x4e, 0x44, 0x00, 0x00, 0x00, 0x00,
  0x03, 0x00, 0x00, 0x00, 0x01, 0x00, 0x00, 0x00, 0x08, 0x00, 0x00, 0x00,
  0x18, 0x00, 0x00, 0x00, 0x4a, 0xce, 0xff, 0xff, 0x00, 0x00, 0x00, 0x01,
  0x18, 0x00, 0x00, 0x00, 0x24, 0x00, 0x00, 0x00, 0x40, 0x00, 0x00, 0x00,
  0x45, 0x00, 0x00, 0x00, 0x00, 0x00, 0x00, 0x09, 0x4c, 0x00, 0x00, 0x00,
  0x03, 0x00, 0x00, 0x00, 0xff, 0xff, 0xff, 0xff, 0x20, 0x00, 0x00, 0x00,
  0x18, 0x00, 0x00, 0x00, 0x34, 0xce, 0xff, 0xff, 0x08, 0x00, 0x00, 0x00,
  0x10, 0x00, 0x00, 0x00, 0x01, 0x00, 0x00, 0x00, 0x80, 0xff, 0xff, 0xff,
  0xff, 0xff, 0xff, 0xff, 0x01, 0x00, 0x00, 0x00, 0xa1, 0x7c, 0xa4, 0x3a,
  0x12, 0x00, 0x00, 0x00, 0x6d, 0x6f, 0x64, 0x65, 0x6c, 0x2f, 0x63, 0x6f,
  0x6e, 0x76, 0x31, 0x64, 0x5f, 0x36, 0x2f, 0x50, 0x61, 0x64, 0x00, 0x00,
  0x03, 0x00, 0x00, 0x00, 0x01, 0x00, 0x00, 0x00, 0x20, 0x00, 0x00, 0x00,
  0x18, 0x00, 0x00, 0x00, 0xc2, 0xce, 0xff, 0xff, 0x00, 0x00, 0x00, 0x01,
  0x18, 0x00, 0x00, 0x00, 0x24, 0x00, 0x00, 0x00, 0x40, 0x00, 0x00, 0x00,
  0x44, 0x00, 0x00, 0x00, 0x00, 0x00, 0x00, 0x09, 0x64, 0x00, 0x00, 0x00,
  0x03, 0x00, 0x00, 0x00, 0xff, 0xff, 0xff, 0xff, 0x18, 0x00, 0x00, 0x00,
  0x18, 0x00, 0x00, 0x00, 0xac, 0xce, 0xff, 0xff, 0x08, 0x00, 0x00, 0x00,
  0x10, 0x00, 0x00, 0x00, 0x01, 0x00, 0x00, 0x00, 0x80, 0xff, 0xff, 0xff,
  0xff, 0xff, 0xff, 0xff, 0x01, 0x00, 0x00, 0x00, 0xa1, 0x7c, 0xa4, 0x3a,
  0x2a, 0x00, 0x00, 0x00, 0x6d, 0x6f, 0x64, 0x65, 0x6c, 0x2f, 0x63, 0x6f,
  0x6e, 0x76, 0x31, 0x64, 0x5f, 0x35, 0x2f, 0x52, 0x65, 0x6c, 0x75, 0x3b,
  0x6d, 0x6f, 0x64, 0x65, 0x6c, 0x2f, 0x63, 0x6f, 0x6e, 0x76, 0x31, 0x64,
  0x5f, 0x35, 0x2f, 0x42, 0x69, 0x61, 0x73, 0x41, 0x64, 0x64, 0x00, 0x00,
  0x03, 0x00, 0x00, 0x00, 0x01, 0x00, 0x00, 0x00, 0x18, 0x00, 0x00, 0x00,
  0x18, 0x00, 0x00, 0x00, 0x52, 0xcf, 0xff, 0xff, 0x00, 0x00, 0x00, 0x01,
  0x18, 0x00, 0x00, 0x00, 0x24, 0x00, 0x00, 0x00, 0x44, 0x00, 0x00, 0x00,
  0x43, 0x00, 0x00, 0x00, 0x00, 0x00, 0x00, 0x09, 0x64, 0x00, 0x00, 0x00,
  0x03, 0x00, 0x00, 0x00, 0xff, 0xff, 0xff, 0xff, 0x18, 0x00, 0x00, 0x00,
  0x18, 0x00, 0x00, 0x00, 0x3c, 0xcf, 0xff, 0xff, 0x08, 0x00, 0x00, 0x00,
  0x14, 0x00, 0x00, 0x00, 0x01, 0x00, 0x00, 0x00, 0x45, 0x00, 0x00, 0x00,
  0x00, 0x00, 0x00, 0x00, 0x00, 0x00, 0x00, 0x00, 0x01, 0x00, 0x00, 0x00,
  0x3a, 0x5a, 0xbc, 0x3b, 0x24, 0x00, 0x00, 0x00, 0x6d, 0x6f, 0x64, 0x65,
  0x6c, 0x2f, 0x63, 0x6f, 0x6e, 0x76, 0x31, 0x64, 0x5f, 0x35, 0x2f, 0x43,
  0x6f, 0x6e, 0x76, 0x31, 0x44, 0x2f, 0x42, 0x61, 0x74, 0x63, 0x68, 0x54,
  0x6f, 0x53, 0x70, 0x61, 0x63, 0x65, 0x4e, 0x44, 0x00, 0x00, 0x00, 0x00,
  0x03, 0x00, 0x00, 0x00, 0x01, 0x00, 0x00, 0x00, 0x18, 0x00, 0x00, 0x00,
  0x18, 0x00, 0x00, 0x00, 0xe2, 0xcf, 0xff, 0xff, 0x00, 0x00, 0x00, 0x01,
  0x18, 0x00, 0x00, 0x00, 0x24, 0x00, 0x00, 0x00, 0x40, 0x00, 0x00, 0x00,
  0x42, 0x00, 0x00, 0x00, 0x00, 0x00, 0x00, 0x09, 0x58, 0x00, 0x00, 0x00,
  0x03, 0x00, 0x00, 0x00, 0xff, 0xff, 0xff, 0xff, 0x06, 0x00, 0x00, 0x00,
  0x18, 0x00, 0x00, 0x00, 0xcc, 0xcf, 0xff, 0xff, 0x08, 0x00, 0x00, 0x00,
  0x10, 0x00, 0x00, 0x00, 0x01, 0x00, 0x00, 0x00, 0x45, 0x00, 0x00, 0x00,
  0x00, 0x00, 0x00, 0x00, 0x01, 0x00, 0x00, 0x00, 0x3a, 0x5a, 0xbc, 0x3b,
  0x1d, 0x00, 0x00, 0x00, 0x6d, 0x6f, 0x64, 0x65, 0x6c, 0x2f, 0x63, 0x6f,
  0x6e, 0x76, 0x31, 0x64, 0x5f, 0x35, 0x2f, 0x43, 0x6f, 0x6e, 0x76, 0x31,
  0x44, 0x2f, 0x53, 0x71, 0x75, 0x65, 0x65, 0x7a, 0x65, 0x00, 0x00, 0x00,
  0x03, 0x00, 0x00, 0x00, 0x01, 0x00, 0x00, 0x00, 0x06, 0x00, 0x00, 0x00,
  0x18, 0x00, 0x00, 0x00, 0x66, 0xd0, 0xff, 0xff, 0x00, 0x00, 0x00, 0x01,
  0x18, 0x00, 0x00, 0x00, 0x28, 0x00, 0x00, 0x00, 0x48, 0x00, 0x00, 0x00,
  0x41, 0x00, 0x00, 0x00, 0x00, 0x00, 0x00, 0x09, 0x58, 0x00, 0x00, 0x00,
  0x04, 0x00, 0x00, 0x00, 0xff, 0xff, 0xff, 0xff, 0x01, 0x00, 0x00, 0x00,
  0x06, 0x00, 0x00, 0x00, 0x18, 0x00, 0x00, 0x00, 0x54, 0xd0, 0xff, 0xff,
  0x08, 0x00, 0x00, 0x00, 0x14, 0x00, 0x00, 0x00, 0x01, 0x00, 0x00, 0x00,
  0x45, 0x00, 0x00, 0x00, 0x00, 0x00, 0x00, 0x00, 0x00, 0x00, 0x00, 0x00,
  0x01, 0x00, 0x00, 0x00, 0x3a, 0x5a, 0xbc, 0x3b, 0x16, 0x00, 0x00, 0x00,
  0x6d, 0x6f, 0x64, 0x65, 0x6c, 0x2f, 0x63, 0x6f, 0x6e, 0x76, 0x31, 0x64,
  0x5f, 0x35, 0x2f, 0x43, 0x6f, 0x6e, 0x76, 0x31, 0x44, 0x31, 0x00, 0x00,
  0x04, 0x00, 0x00, 0x00, 0x01, 0x00, 0x00, 0x00, 0x01, 0x00, 0x00, 0x00,
  0x06, 0x00, 0x00, 0x00, 0x18, 0x00, 0x00, 0x00, 0xee, 0xd0, 0xff, 0xff,
  0x00, 0x00, 0x00, 0x01, 0x18, 0x00, 0x00, 0x00, 0x28, 0x00, 0x00, 0x00,
  0x48, 0x00, 0x00, 0x00, 0x40, 0x00, 0x00, 0x00, 0x00, 0x00, 0x00, 0x09,
  0x64, 0x00, 0x00, 0x00, 0x04, 0x00, 0x00, 0x00, 0xff, 0xff, 0xff, 0xff,
  0x01, 0x00, 0x00, 0x00, 0x08, 0x00, 0x00, 0x00, 0x18, 0x00, 0x00, 0x00,
  0xdc, 0xd0, 0xff, 0xff, 0x08, 0x00, 0x00, 0x00, 0x14, 0x00, 0x00, 0x00,
  0x01, 0x00, 0x00, 0x00, 0x0a, 0x00, 0x00, 0x00, 0x00, 0x00, 0x00, 0x00,
  0x00, 0x00, 0x00, 0x00, 0x01, 0x00, 0x00, 0x00, 0x91, 0x14, 0xb0, 0x3b,
  0x20, 0x00, 0x00, 0x00, 0x6d, 0x6f, 0x64, 0x65, 0x6c, 0x2f, 0x63, 0x6f,
  0x6e, 0x76, 0x31, 0x64, 0x5f, 0x35, 0x2f, 0x43, 0x6f, 0x6e, 0x76, 0x31,
  0x44, 0x2f, 0x45, 0x78, 0x70, 0x61, 0x6e, 0x64, 0x44, 0x69, 0x6d, 0x73,
  0x00, 0x00, 0x00, 0x00, 0x04, 0x00, 0x00, 0x00, 0x01, 0x00, 0x00, 0x00,
  0x01, 0x00, 0x00, 0x00, 0x08, 0x00, 0x00, 0x00, 0x18, 0x00, 0x00, 0x00,
  0x82, 0xd1, 0xff, 0xff, 0x00, 0x00, 0x00, 0x01, 0x18, 0x00, 0x00, 0x00,
  0x24, 0x00, 0x00, 0x00, 0x44, 0x00, 0x00, 0x00, 0x3f, 0x00, 0x00, 0x00,
  0x00, 0x00, 0x00, 0x09, 0x64, 0x00, 0x00, 0x00, 0x03, 0x00, 0x00, 0x00,
  0xff, 0xff, 0xff, 0xff, 0x08, 0x00, 0x00, 0x00, 0x18, 0x00, 0x00, 0x00,
  0x6c, 0xd1, 0xff, 0xff, 0x08, 0x00, 0x00, 0x00, 0x14, 0x00, 0x00, 0x00,
  0x01, 0x00, 0x00, 0x00, 0x0a, 0x00, 0x00, 0x00, 0x00, 0x00, 0x00, 0x00,
  0x00, 0x00, 0x00, 0x00, 0x01, 0x00, 0x00, 0x00, 0x91, 0x14, 0xb0, 0x3b,
  0x24, 0x00, 0x00, 0x00, 0x6d, 0x6f, 0x64, 0x65, 0x6c, 0x2f, 0x63, 0x6f,
  0x6e, 0x76, 0x31, 0x64, 0x5f, 0x35, 0x2f, 0x43, 0x6f, 0x6e, 0x76, 0x31,
  0x44, 0x2f, 0x53, 0x70, 0x61, 0x63, 0x65, 0x54, 0x6f, 0x42, 0x61, 0x74,
  0x63, 0x68, 0x4e, 0x44, 0x00, 0x00, 0x00, 0x00, 0x03, 0x00, 0x00, 0x00,
  0x01, 0x00, 0x00, 0x00, 0x08, 0x00, 0x00, 0x00, 0x18, 0x00, 0x00, 0x00,
  0x12, 0xd2, 0xff, 0xff, 0x00, 0x00, 0x00, 0x01, 0x18, 0x00, 0x00, 0x00,
  0x24, 0x00, 0x00, 0x00, 0x40, 0x00, 0x00, 0x00, 0x3e, 0x00, 0x00, 0x00,
  0x00, 0x00, 0x00, 0x09, 0x4c, 0x00, 0x00, 0x00, 0x03, 0x00, 0x00, 0x00,
  0xff, 0xff, 0xff, 0xff, 0x20, 0x00, 0x00, 0x00, 0x18, 0x00, 0x00, 0x00,
  0xfc, 0xd1, 0xff, 0xff, 0x08, 0x00, 0x00, 0x00, 0x10, 0x00, 0x00, 0x00,
  0x01, 0x00, 0x00, 0x00, 0x0a, 0x00, 0x00, 0x00, 0x00, 0x00, 0x00, 0x00,
  0x01, 0x00, 0x00, 0x00, 0x91, 0x14, 0xb0, 0x3b, 0x12, 0x00, 0x00, 0x00,
  0x6d, 0x6f, 0x64, 0x65, 0x6c, 0x2f, 0x63, 0x6f, 0x6e, 0x76, 0x31, 0x64,
  0x5f, 0x35, 0x2f, 0x50, 0x61, 0x64, 0x00, 0x00, 0x03, 0x00, 0x00, 0x00,
  0x01, 0x00, 0x00, 0x00, 0x20, 0x00, 0x00, 0x00, 0x18, 0x00, 0x00, 0x00,
  0x8a, 0xd2, 0xff, 0xff, 0x00, 0x00, 0x00, 0x01, 0x18, 0x00, 0x00, 0x00,
  0x24, 0x00, 0x00, 0x00, 0x44, 0x00, 0x00, 0x00, 0x3d, 0x00, 0x00, 0x00,
  0x00, 0x00, 0x00, 0x09, 0x4c, 0x00, 0x00, 0x00, 0x03, 0x00, 0x00, 0x00,
  0xff, 0xff, 0xff, 0xff, 0x18, 0x00, 0x00, 0x00, 0x18, 0x00, 0x00, 0x00,
  0x74, 0xd2, 0xff, 0xff, 0x08, 0x00, 0x00, 0x00, 0x14, 0x00, 0x00, 0x00,
  0x01, 0x00, 0x00, 0x00, 0x0a, 0x00, 0x00, 0x00, 0x00, 0x00, 0x00, 0x00,
  0x00, 0x00, 0x00, 0x00, 0x01, 0x00, 0x00, 0x00, 0x91, 0x14, 0xb0, 0x3b,
  0x0f, 0x00, 0x00, 0x00, 0x6d, 0x6f, 0x64, 0x65, 0x6c, 0x2f, 0x61, 0x64,
  0x64, 0x5f, 0x31, 0x2f, 0x61, 0x64, 0x64, 0x00, 0x03, 0x00, 0x00, 0x00,
  0x01, 0x00, 0x00, 0x00, 0x18, 0x00, 0x00, 0x00, 0x18, 0x00, 0x00, 0x00,
  0x02, 0xd3, 0xff, 0xff, 0x00, 0x00, 0x00, 0x01, 0x18, 0x00, 0x00, 0x00,
  0x24, 0x00, 0x00, 0x00, 0x40, 0x00, 0x00, 0x00, 0x3c, 0x00, 0x00, 0x00,
  0x00, 0x00, 0x00, 0x09, 0x64, 0x00, 0x00, 0x00, 0x03, 0x00, 0x00, 0x00,
  0xff, 0xff, 0xff, 0xff, 0x18, 0x00, 0x00, 0x00, 0x18, 0x00, 0x00, 0x00,
  0xec, 0xd2, 0xff, 0xff, 0x08, 0x00, 0x00, 0x00, 0x10, 0x00, 0x00, 0x00,
  0x01, 0x00, 0x00, 0x00, 0x0a, 0x00, 0x00, 0x00, 0x00, 0x00, 0x00, 0x00,
  0x01, 0x00, 0x00, 0x00, 0x91, 0x14, 0xb0, 0x3b, 0x2a, 0x00, 0x00, 0x00,
  0x6d, 0x6f, 0x64, 0x65, 0x6c, 0x2f, 0x63, 0x6f, 0x6e, 0x76, 0x31, 0x64,
  0x5f, 0x34, 0x2f, 0x52, 0x65, 0x6c, 0x75, 0x3b, 0x6d, 0x6f, 0x64, 0x65,
  0x6c, 0x2f, 0x63, 0x6f, 0x6e, 0x76, 0x31, 0x64, 0x5f, 0x34, 0x2f, 0x42,
  0x69, 0x61, 0x73, 0x41, 0x64, 0x64, 0x00, 0x00, 0x03, 0x00, 0x00, 0x00,
  0x01, 0x00, 0x00, 0x00, 0x18, 0x00, 0x00, 0x00, 0x18, 0x00, 0x00, 0x00,
  0x92, 0xd3, 0xff, 0xff, 0x00, 0x00, 0x00, 0x01, 0x18, 0x00, 0x00, 0x00,
  0x24, 0x00, 0x00, 0x00, 0x44, 0x00, 0x00, 0x00, 0x3b, 0x00, 0x00, 0x00,
  0x00, 0x00, 0x00, 0x09, 0x64, 0x00, 0x00, 0x00, 0x03, 0x00, 0x00, 0x00,
  0xff, 0xff, 0xff, 0xff, 0x18, 0x00, 0x00, 0x00, 0x18, 0x00, 0x00, 0x00,
  0x7c, 0xd3, 0xff, 0xff, 0x08, 0x00, 0x00, 0x00, 0x14, 0x00, 0x00, 0x00,
  0x01, 0x00, 0x00, 0x00, 0x05, 0x00, 0x00, 0x00, 0x00, 0x00, 0x00, 0x00,
  0x00, 0x00, 0x00, 0x00, 0x01, 0x00, 0x00, 0x00, 0x4c, 0x7e, 0x2a, 0x3a,
  0x24, 0x00, 0x00, 0x00, 0x6d, 0x6f, 0x64, 0x65, 0x6c, 0x2f, 0x63, 0x6f,
  0x6e, 0x76, 0x31, 0x64, 0x5f, 0x34, 0x2f, 0x43, 0x6f, 0x6e, 0x76, 0x31,
  0x44, 0x2f, 0x42, 0x61, 0x74, 0x63, 0x68, 0x54, 0x6f, 0x53, 0x70, 0x61,
  0x63, 0x65, 0x4e, 0x44, 0x00, 0x00, 0x00, 0x00, 0x03, 0x00, 0x00, 0x00,
  0x01, 0x00, 0x00, 0x00, 0x18, 0x00, 0x00, 0x00, 0x18, 0x00, 0x00, 0x00,
  0x22, 0xd4, 0xff, 0xff, 0x00, 0x00, 0x00, 0x01, 0x18, 0x00, 0x00, 0x00,
  0x24, 0x00, 0x00, 0x00, 0x40, 0x00, 0x00, 0x00, 0x3a, 0x00, 0x00, 0x00,
  0x00, 0x00, 0x00, 0x09, 0x58, 0x00, 0x00, 0x00, 0x03, 0x00, 0x00, 0x00,
  0xff, 0xff, 0xff, 0xff, 0x0c, 0x00, 0x00, 0x00, 0x18, 0x00, 0x00, 0x00,
  0x0c, 0xd4, 0xff, 0xff, 0x08, 0x00, 0x00, 0x00, 0x10, 0x00, 0x00, 0x00,
  0x01, 0x00, 0x00, 0x00, 0x05, 0x00, 0x00, 0x00, 0x00, 0x00, 0x00, 0x00,
  0x01, 0x00, 0x00, 0x00, 0x4c, 0x7e, 0x2a, 0x3a, 0x1e, 0x00, 0x00, 0x00,
  0x6d, 0x6f, 0x64, 0x65, 0x6c, 0x2f, 0x63, 0x6f, 0x6e, 0x76, 0x31, 0x64,
  0x5f, 0x34, 0x2f, 0x43, 0x6f, 0x6e, 0x76, 0x31, 0x44, 0x2f, 0x53, 0x71,
  0x75, 0x65, 0x65, 0x7a, 0x65, 0x31, 0x00, 0x00, 0x03, 0x00, 0x00, 0x00,
  0x01, 0x00, 0x00, 0x00, 0x0c, 0x00, 0x00, 0x00, 0x18, 0x00, 0x00, 0x00,
  0xa6, 0xd4, 0xff, 0xff, 0x00, 0x00, 0x00, 0x01, 0x18, 0x00, 0x00, 0x00,
  0x28, 0x00, 0x00, 0x00, 0x48, 0x00, 0x00, 0x00, 0x39, 0x00, 0x00, 0x00,
  0x00, 0x00, 0x00, 0x09, 0x58, 0x00, 0x00, 0x00, 0x04, 0x00, 0x00, 0x00,
  0xff, 0xff, 0xff, 0xff, 0x01, 0x00, 0x00, 0x00, 0x0c, 0x00, 0x00, 0x00,
  0x18, 0x00, 0x00, 0x00, 0x94, 0xd4, 0xff, 0xff, 0x08, 0x00, 0x00, 0x00,
  0x14, 0x00, 0x00, 0x00, 0x01, 0x00, 0x00, 0x00, 0x05, 0x00, 0x00, 0x00,
  0x00, 0x00, 0x00, 0x00, 0x00, 0x00, 0x00, 0x00, 0x01, 0x00, 0x00, 0x00,
  0x4c, 0x7e, 0x2a, 0x3a, 0x16, 0x00, 0x00, 0x00, 0x6d, 0x6f, 0x64, 0x65,
  0x6c, 0x2f, 0x63, 0x6f, 0x6e, 0x76, 0x31, 0x64, 0x5f, 0x34, 0x2f, 0x43,
  0x6f, 0x6e, 0x76, 0x31, 0x44, 0x31, 0x00, 0x00, 0x04, 0x00, 0x00, 0x00,
  0x01, 0x00, 0x00, 0x00, 0x01, 0x00, 0x00, 0x00, 0x0c, 0x00, 0x00, 0x00,
  0x18, 0x00, 0x00, 0x00, 0x2e, 0xd5, 0xff, 0xff, 0x00, 0x00, 0x00, 0x01,
  0x18, 0x00, 0x00, 0x00, 0x28, 0x00, 0x00, 0x00, 0x48, 0x00, 0x00, 0x00,
  0x38, 0x00, 0x00, 0x00, 0x00, 0x00, 0x00, 0x09, 0x64, 0x00, 0x00, 0x00,
  0x04, 0x00, 0x00, 0x00, 0xff, 0xff, 0xff, 0xff, 0x01, 0x00, 0x00, 0x00,
  0x0e, 0x00, 0x00, 0x00, 0x18, 0x00, 0x00, 0x00, 0x1c, 0xd5, 0xff, 0xff,
  0x08, 0x00, 0x00, 0x00, 0x14, 0x00, 0x00, 0x00, 0x01, 0x00, 0x00, 0x00,
  0x80, 0xff, 0xff, 0xff, 0xff, 0xff, 0xff, 0xff, 0x00, 0x00, 0x00, 0x00,
  0x01, 0x00, 0x00, 0x00, 0xd8, 0x5b, 0x83, 0x3a, 0x20, 0x00, 0x00, 0x00,
  0x6d, 0x6f, 0x64, 0x65, 0x6c, 0x2f, 0x63, 0x6f, 0x6e, 0x76, 0x31, 0x64,
  0x5f, 0x34, 0x2f, 0x43, 0x6f, 0x6e, 0x76, 0x31, 0x44, 0x2f, 0x45, 0x78,
  0x70, 0x61, 0x6e, 0x64, 0x44, 0x69, 0x6d, 0x73, 0x00, 0x00, 0x00, 0x00,
  0x04, 0x00, 0x00, 0x00, 0x01, 0x00, 0x00, 0x00, 0x01, 0x00, 0x00, 0x00,
  0x0e, 0x00, 0x00, 0x00, 0x18, 0x00, 0x00, 0x00, 0xc2, 0xd5, 0xff, 0xff,
  0x00, 0x00, 0x00, 0x01, 0x18, 0x00, 0x00, 0x00, 0x24, 0x00, 0x00, 0x00,
  0x44, 0x00, 0x00, 0x00, 0x37, 0x00, 0x00, 0x00, 0x00, 0x00, 0x00, 0x09,
  0x64, 0x00, 0x00, 0x00, 0x03, 0x00, 0x00, 0x00, 0xff, 0xff, 0xff, 0xff,
  0x0e, 0x00, 0x00, 0x00, 0x18, 0x00, 0x00, 0x00, 0xac, 0xd5, 0xff, 0xff,
  0x08, 0x00, 0x00, 0x00, 0x14, 0x00, 0x00, 0x00, 0x01, 0x00, 0x00, 0x00,
  0x80, 0xff, 0xff, 0xff, 0xff, 0xff, 0xff, 0xff, 0x00, 0x00, 0x00, 0x00,
  0x01, 0x00, 0x00, 0x00, 0xd8, 0x5b, 0x83, 0x3a, 0x24, 0x00, 0x00, 0x00,
  0x6d, 0x6f, 0x64, 0x65, 0x6c, 0x2f, 0x63, 0x6f, 0x6e, 0x76, 0x31, 0x64,
  0x5f, 0x34, 0x2f, 0x43, 0x6f, 0x6e, 0x76, 0x31, 0x44, 0x2f, 0x53, 0x70,
  0x61, 0x63, 0x65, 0x54, 0x6f, 0x42, 0x61, 0x74, 0x63, 0x68, 0x4e, 0x44,
  0x00, 0x00, 0x00, 0x00, 0x03, 0x00, 0x00, 0x00, 0x01, 0x00, 0x00, 0x00,
  0x0e, 0x00, 0x00, 0x00, 0x18, 0x00, 0x00, 0x00, 0x52, 0xd6, 0xff, 0xff,
  0x00, 0x00, 0x00, 0x01, 0x18, 0x00, 0x00, 0x00, 0x24, 0x00, 0x00, 0x00,
  0x40, 0x00, 0x00, 0x00, 0x36, 0x00, 0x00, 0x00, 0x00, 0x00, 0x00, 0x09,
  0x4c, 0x00, 0x00, 0x00, 0x03, 0x00, 0x00, 0x00, 0xff, 0xff, 0xff, 0xff,
  0x1c, 0x00, 0x00, 0x00, 0x18, 0x00, 0x00, 0x00, 0x3c, 0xd6, 0xff, 0xff,
  0x08, 0x00, 0x00, 0x00, 0x10, 0x00, 0x00, 0x00, 0x01, 0x00, 0x00, 0x00,
  0x80, 0xff, 0xff, 0xff, 0xff, 0xff, 0xff, 0xff, 0x01, 0x00, 0x00, 0x00,
  0xd8, 0x5b, 0x83, 0x3a, 0x12, 0x00, 0x00, 0x00, 0x6d, 0x6f, 0x64, 0x65,
  0x6c, 0x2f, 0x63, 0x6f, 0x6e, 0x76, 0x31, 0x64, 0x5f, 0x34, 0x2f, 0x50,
  0x61, 0x64, 0x00, 0x00, 0x03, 0x00, 0x00, 0x00, 0x01, 0x00, 0x00, 0x00,
  0x1c, 0x00, 0x00, 0x00, 0x18, 0x00, 0x00, 0x00, 0xca, 0xd6, 0xff, 0xff,
  0x00, 0x00, 0x00, 0x01, 0x18, 0x00, 0x00, 0x00, 0x24, 0x00, 0x00, 0x00,
  0x40, 0x00, 0x00, 0x00, 0x35, 0x00, 0x00, 0x00, 0x00, 0x00, 0x00, 0x09,
  0x64, 0x00, 0x00, 0x00, 0x03, 0x00, 0x00, 0x00, 0xff, 0xff, 0xff, 0xff,
  0x18, 0x00, 0x00, 0x00, 0x18, 0x00, 0x00, 0x00, 0xb4, 0xd6, 0xff, 0xff,
  0x08, 0x00, 0x00, 0x00, 0x10, 0x00, 0x00, 0x00, 0x01, 0x00, 0x00, 0x00,
  0x80, 0xff, 0xff, 0xff, 0xff, 0xff, 0xff, 0xff, 0x01, 0x00, 0x00, 0x00,
  0xd8, 0x5b, 0x83, 0x3a, 0x2a, 0x00, 0x00, 0x00, 0x6d, 0x6f, 0x64, 0x65,
  0x6c, 0x2f, 0x63, 0x6f, 0x6e, 0x76, 0x31, 0x64, 0x5f, 0x33, 0x2f, 0x52,
  0x65, 0x6c, 0x75, 0x3b, 0x6d, 0x6f, 0x64, 0x65, 0x6c, 0x2f, 0x63, 0x6f,
  0x6e, 0x76, 0x31, 0x64, 0x5f, 0x33, 0x2f, 0x42, 0x69, 0x61, 0x73, 0x41,
  0x64, 0x64, 0x00, 0x00, 0x03, 0x00, 0x00, 0x00, 0x01, 0x00, 0x00, 0x00,
  0x18, 0x00, 0x00, 0x00, 0x18, 0x00, 0x00, 0x00, 0x5a, 0xd7, 0xff, 0xff,
  0x00, 0x00, 0x00, 0x01, 0x18, 0x00, 0x00, 0x00, 0x24, 0x00, 0x00, 0x00,
  0x44, 0x00, 0x00, 0x00, 0x34, 0x00, 0x00, 0x00, 0x00, 0x00, 0x00, 0x09,
  0x64, 0x00, 0x00, 0x00, 0x03, 0x00, 0x00, 0x00, 0xff, 0xff, 0xff, 0xff,
  0x18, 0x00, 0x00, 0x00, 0x18, 0x00, 0x00, 0x00, 0x44, 0xd7, 0xff, 0xff,
  0x08, 0x00, 0x00, 0x00, 0x14, 0x00, 0x00, 0x00, 0x01, 0x00, 0x00, 0x00,
  0x46, 0x00, 0x00, 0x00, 0x00, 0x00, 0x00, 0x00, 0x00, 0x00, 0x00, 0x00,
  0x01, 0x00, 0x00, 0x00, 0x02, 0x5e, 0x9b, 0x3b, 0x24, 0x00, 0x00, 0x00,
  0x6d, 0x6f, 0x64, 0x65, 0x6c, 0x2f, 0x63, 0x6f, 0x6e, 0x76, 0x31, 0x64,
  0x5f, 0x33, 0x2f, 0x43, 0x6f, 0x6e, 0x76, 0x31, 0x44, 0x2f, 0x42, 0x61,
  0x74, 0x63, 0x68, 0x54, 0x6f, 0x53, 0x70, 0x61, 0x63, 0x65, 0x4e, 0x44,
  0x00, 0x00, 0x00, 0x00, 0x03, 0x00, 0x00, 0x00, 0x01, 0x00, 0x00, 0x00,
  0x18, 0x00, 0x00, 0x00, 0x18, 0x00, 0x00, 0x00, 0xea, 0xd7, 0xff, 0xff,
  0x00, 0x00, 0x00, 0x01, 0x18, 0x00, 0x00, 0x00, 0x24, 0x00, 0x00, 0x00,
  0x40, 0x00, 0x00, 0x00, 0x33, 0x00, 0x00, 0x00, 0x00, 0x00, 0x00, 0x09,
  0x58, 0x00, 0x00, 0x00, 0x03, 0x00, 0x00, 0x00, 0xff, 0xff, 0xff, 0xff,
  0x0c, 0x00, 0x00, 0x00, 0x18, 0x00, 0x00, 0x00, 0xd4, 0xd7, 0xff, 0xff,
  0x08, 0x00, 0x00, 0x00, 0x10, 0x00, 0x00, 0x00, 0x01, 0x00, 0x00, 0x00,
  0x46, 0x00, 0x00, 0x00, 0x00, 0x00, 0x00, 0x00, 0x01, 0x00, 0x00, 0x00,
  0x02, 0x5e, 0x9b, 0x3b, 0x1d, 0x00, 0x00, 0x00, 0x6d, 0x6f, 0x64, 0x65,
  0x6c, 0x2f, 0x63, 0x6f, 0x6e, 0x76, 0x31, 0x64, 0x5f, 0x33, 0x2f, 0x43,
  0x6f, 0x6e, 0x76, 0x31, 0x44, 0x2f, 0x53, 0x71, 0x75, 0x65, 0x65, 0x7a,
  0x65, 0x00, 0x00, 0x00, 0x03, 0x00, 0x00, 0x00, 0x01, 0x00, 0x00, 0x00,
  0x0c, 0x00, 0x00, 0x00, 0x18, 0x00, 0x00, 0x00, 0x6e, 0xd8, 0xff, 0xff,
  0x00, 0x00, 0x00, 0x01, 0x18, 0x00, 0x00, 0x00, 0x28, 0x00, 0x00, 0x00,
  0x48, 0x00, 0x00, 0x00, 0x32, 0x00, 0x00, 0x00, 0x00, 0x00, 0x00, 0x09,
  0x58, 0x00, 0x00, 0x00, 0x04, 0x00, 0x00, 0x00, 0xff, 0xff, 0xff, 0xff,
  0x01, 0x00, 0x00, 0x00, 0x0c, 0x00, 0x00, 0x00, 0x18, 0x00, 0x00, 0x00,
  0x5c, 0xd8, 0xff, 0xff, 0x08, 0x00, 0x00, 0x00, 0x14, 0x00, 0x00, 0x00,
  0x01, 0x00, 0x00, 0x00, 0x46, 0x00, 0x00, 0x00, 0x00, 0x00, 0x00, 0x00,
  0x00, 0x00, 0x00, 0x00, 0x01, 0x00, 0x00, 0x00, 0x02, 0x5e, 0x9b, 0x3b,
  0x16, 0x00, 0x00, 0x00, 0x6d, 0x6f, 0x64, 0x65, 0x6c, 0x2f, 0x63, 0x6f,
  0x6e, 0x76, 0x31, 0x64, 0x5f, 0x33, 0x2f, 0x43, 0x6f, 0x6e, 0x76, 0x31,
  0x44, 0x31, 0x00, 0x00, 0x04, 0x00, 0x00, 0x00, 0x01, 0x00, 0x00, 0x00,
  0x01, 0x00, 0x00, 0x00, 0x0c, 0x00, 0x00, 0x00, 0x18, 0x00, 0x00, 0x00,
  0xf6, 0xd8, 0xff, 0xff, 0x00, 0x00, 0x00, 0x01, 0x18, 0x00, 0x00, 0x00,
  0x28, 0x00, 0x00, 0x00, 0x48, 0x00, 0x00, 0x00, 0x31, 0x00, 0x00, 0x00,
  0x00, 0x00, 0x00, 0x09, 0x64, 0x00, 0x00, 0x00, 0x04, 0x00, 0x00, 0x00,
  0xff, 0xff, 0xff, 0xff, 0x01, 0x00, 0x00, 0x00, 0x0e, 0x00, 0x00, 0x00,
  0x18, 0x00, 0x00, 0x00, 0xe4, 0xd8, 0xff, 0xff, 0x08, 0x00, 0x00, 0x00,
  0x14, 0x00, 0x00, 0x00, 0x01, 0x00, 0x00, 0x00, 0x0a, 0x00, 0x00, 0x00,
  0x00, 0x00, 0x00, 0x00, 0x00, 0x00, 0x00, 0x00, 0x01, 0x00, 0x00, 0x00,
  0x91, 0x14, 0xb0, 0x3b, 0x20, 0x00, 0x00, 0x00, 0x6d, 0x6f, 0x64, 0x65,
  0x6c, 0x2f, 0x63, 0x6f, 0x6e, 0x76, 0x31, 0x64, 0x5f, 0x33, 0x2f, 0x43,
  0x6f, 0x6e, 0x76, 0x31, 0x44, 0x2f, 0x45, 0x78, 0x70, 0x61, 0x6e, 0x64,
  0x44, 0x69, 0x6d, 0x73, 0x00, 0x00, 0x00, 0x00, 0x04, 0x00, 0x00, 0x00,
  0x01, 0x00, 0x00, 0x00, 0x01, 0x00, 0x00, 0x00, 0x0e, 0x00, 0x00, 0x00,
  0x18, 0x00, 0x00, 0x00, 0x8a, 0xd9, 0xff, 0xff, 0x00, 0x00, 0x00, 0x01,
  0x18, 0x00, 0x00, 0x00, 0x24, 0x00, 0x00, 0x00, 0x44, 0x00, 0x00, 0x00,
  0x30, 0x00, 0x00, 0x00, 0x00, 0x00, 0x00, 0x09, 0x64, 0x00, 0x00, 0x00,
  0x03, 0x00, 0x00, 0x00, 0xff, 0xff, 0xff, 0xff, 0x0e, 0x00, 0x00, 0x00,
  0x18, 0x00, 0x00, 0x00, 0x74, 0xd9, 0xff, 0xff, 0x08, 0x00, 0x00, 0x00,
  0x14, 0x00, 0x00, 0x00, 0x01, 0x00, 0x00, 0x00, 0x0a, 0x00, 0x00, 0x00,
  0x00, 0x00, 0x00, 0x00, 0x00, 0x00, 0x00, 0x00, 0x01, 0x00, 0x00, 0x00,
  0x91, 0x14, 0xb0, 0x3b, 0x24, 0x00, 0x00, 0x00, 0x6d, 0x6f, 0x64, 0x65,
  0x6c, 0x2f, 0x63, 0x6f, 0x6e, 0x76, 0x31, 0x64, 0x5f, 0x33, 0x2f, 0x43,
  0x6f, 0x6e, 0x76, 0x31, 0x44, 0x2f, 0x53, 0x70, 0x61, 0x63, 0x65, 0x54,
  0x6f, 0x42, 0x61, 0x74, 0x63, 0x68, 0x4e, 0x44, 0x00, 0x00, 0x00, 0x00,
  0x03, 0x00, 0x00, 0x00, 0x01, 0x00, 0x00, 0x00, 0x0e, 0x00, 0x00, 0x00,
  0x18, 0x00, 0x00, 0x00, 0x1a, 0xda, 0xff, 0xff, 0x00, 0x00, 0x00, 0x01,
  0x18, 0x00, 0x00, 0x00, 0x24, 0x00, 0x00, 0x00, 0x40, 0x00, 0x00, 0x00,
  0x2f, 0x00, 0x00, 0x00, 0x00, 0x00, 0x00, 0x09, 0x4c, 0x00, 0x00, 0x00,
  0x03, 0x00, 0x00, 0x00, 0xff, 0xff, 0xff, 0xff, 0x1c, 0x00, 0x00, 0x00,
  0x18, 0x00, 0x00, 0x00, 0x04, 0xda, 0xff, 0xff, 0x08, 0x00, 0x00, 0x00,
  0x10, 0x00, 0x00, 0x00, 0x01, 0x00, 0x00, 0x00, 0x0a, 0x00, 0x00, 0x00,
  0x00, 0x00, 0x00, 0x00, 0x01, 0x00, 0x00, 0x00, 0x91, 0x14, 0xb0, 0x3b,
  0x12, 0x00, 0x00, 0x00, 0x6d, 0x6f, 0x64, 0x65, 0x6c, 0x2f, 0x63, 0x6f,
  0x6e, 0x76, 0x31, 0x64, 0x5f, 0x33, 0x2f, 0x50, 0x61, 0x64, 0x00, 0x00,
  0x03, 0x00, 0x00, 0x00, 0x01, 0x00, 0x00, 0x00, 0x1c, 0x00, 0x00, 0x00,
  0x18, 0x00, 0x00, 0x00, 0x92, 0xda, 0xff, 0xff, 0x00, 0x00, 0x00, 0x01,
  0x18, 0x00, 0x00, 0x00, 0x24, 0x00, 0x00, 0x00, 0x44, 0x00, 0x00, 0x00,
  0x2e, 0x00, 0x00, 0x00, 0x00, 0x00, 0x00, 0x09, 0x10, 0x01, 0x00, 0x00,
  0x03, 0x00, 0x00, 0x00, 0xff, 0xff, 0xff, 0xff, 0x18, 0x00, 0x00, 0x00,
  0x18, 0x00, 0x00, 0x00, 0x7c, 0xda, 0xff, 0xff, 0x08, 0x00, 0x00, 0x00,
  0x14, 0x00, 0x00, 0x00, 0x01, 0x00, 0x00, 0x00, 0x0a, 0x00, 0x00, 0x00,
  0x00, 0x00, 0x00, 0x00, 0x00, 0x00, 0x00, 0x00, 0x01, 0x00, 0x00, 0x00,
  0x91, 0x14, 0xb0, 0x3b, 0xd2, 0x00, 0x00, 0x00, 0x6d, 0x6f, 0x64, 0x65,
  0x6c, 0x2f, 0x61, 0x64, 0x64, 0x2f, 0x61, 0x64, 0x64, 0x3b, 0x6d, 0x6f,
  0x64, 0x65, 0x6c, 0x2f, 0x63, 0x6f, 0x6e, 0x76, 0x31, 0x64, 0x2f, 0x43,
  0x6f, 0x6e, 0x76, 0x31, 0x44, 0x2f, 0x53, 0x71, 0x75, 0x65, 0x65, 0x7a,
  0x65, 0x3b, 0x6d, 0x6f, 0x64, 0x65, 0x6c, 0x2f, 0x63, 0x6f, 0x6e, 0x76,
  0x31, 0x64, 0x2f, 0x42, 0x69, 0x61, 0x73, 0x41, 0x64, 0x64, 0x3b, 0x6d,
  0x6f, 0x64, 0x65, 0x6c, 0x2f, 0x63, 0x6f, 0x6e, 0x76, 0x31, 0x64, 0x2f,
  0x42, 0x69, 0x61, 0x73, 0x41, 0x64, 0x64, 0x2f, 0x52, 0x65, 0x61, 0x64,
  0x56, 0x61, 0x72, 0x69, 0x61, 0x62, 0x6c, 0x65, 0x4f, 0x70, 0x3b, 0x6d,
  0x6f, 0x64, 0x65, 0x6c, 0x2f, 0x63, 0x6f, 0x6e, 0x76, 0x31, 0x64, 0x5f,
  0x32, 0x2f, 0x43, 0x6f, 0x6e, 0x76, 0x31, 0x44, 0x2f, 0x53, 0x71, 0x75,
  0x65, 0x65, 0x7a, 0x65, 0x3b, 0x6d, 0x6f, 0x64, 0x65, 0x6c, 0x2f, 0x63,
  0x6f, 0x6e, 0x76, 0x31, 0x64, 0x5f, 0x32, 0x2f, 0x52, 0x65, 0x6c, 0x75,
  0x3b, 0x6d, 0x6f, 0x64, 0x65, 0x6c, 0x2f, 0x63, 0x6f, 0x6e, 0x76, 0x31,
  0x64, 0x5f, 0x32, 0x2f, 0x42, 0x69, 0x61, 0x73, 0x41, 0x64, 0x64, 0x3b,
  0x6d, 0x6f, 0x64, 0x65, 0x6c, 0x2f, 0x63, 0x6f, 0x6e, 0x76, 0x31, 0x64,
  0x5f, 0x32, 0x2f, 0x42, 0x69, 0x61, 0x73, 0x41, 0x64, 0x64, 0x2f, 0x52,
  0x65, 0x61, 0x64, 0x56, 0x61, 0x72, 0x69, 0x61, 0x62, 0x6c, 0x65, 0x4f,
  0x70, 0x31, 0x00, 0x00, 0x03, 0x00, 0x00, 0x00, 0x01, 0x00, 0x00, 0x00,
  0x18, 0x00, 0x00, 0x00, 0x18, 0x00, 0x00, 0x00, 0xce, 0xdb, 0xff, 0xff,
  0x00, 0x00, 0x00, 0x01, 0x18, 0x00, 0x00, 0x00, 0x28, 0x00, 0x00, 0x00,
  0x44, 0x00, 0x00, 0x00, 0x2d, 0x00, 0x00, 0x00, 0x00, 0x00, 0x00, 0x09,
  0x10, 0x01, 0x00, 0x00, 0x04, 0x00, 0x00, 0x00, 0xff, 0xff, 0xff, 0xff,
  0x01, 0x00, 0x00, 0x00, 0x18, 0x00, 0x00, 0x00, 0x18, 0x00, 0x00, 0x00,
  0xbc, 0xdb, 0xff, 0xff, 0x08, 0x00, 0x00, 0x00, 0x10, 0x00, 0x00, 0x00,
  0x01, 0x00, 0x00, 0x00, 0x0a, 0x00, 0x00, 0x00, 0x00, 0x00, 0x00, 0x00,
  0x01, 0x00, 0x00, 0x00, 0x91, 0x14, 0xb0, 0x3b, 0xd1, 0x00, 0x00, 0x00,
  0x6d, 0x6f, 0x64, 0x65, 0x6c, 0x2f, 0x61, 0x64, 0x64, 0x2f, 0x61, 0x64,
  0x64, 0x3b, 0x6d, 0x6f, 0x64, 0x65, 0x6c, 0x2f, 0x63, 0x6f, 0x6e, 0x76,
  0x31, 0x64, 0x2f, 0x43, 0x6f, 0x6e, 0x76, 0x31, 0x44, 0x2f, 0x53, 0x71,
  0x75, 0x65, 0x65, 0x7a, 0x65, 0x3b, 0x6d, 0x6f, 0x64, 0x65, 0x6c, 0x2f,
  0x63, 0x6f, 0x6e, 0x76, 0x31, 0x64, 0x2f, 0x42, 0x69, 0x61, 0x73, 0x41,
  0x64, 0x64, 0x3b, 0x6d, 0x6f, 0x64, 0x65, 0x6c, 0x2f, 0x63, 0x6f, 0x6e,
  0x76, 0x31, 0x64, 0x2f, 0x42, 0x69, 0x61, 0x73, 0x41, 0x64, 0x64, 0x2f,
  0x52, 0x65, 0x61, 0x64, 0x56, 0x61, 0x72, 0x69, 0x61, 0x62, 0x6c, 0x65,
  0x4f, 0x70, 0x3b, 0x6d, 0x6f, 0x64, 0x65, 0x6c, 0x2f, 0x63, 0x6f, 0x6e,
  0x76, 0x31, 0x64, 0x5f, 0x32, 0x2f, 0x43, 0x6f, 0x6e, 0x76, 0x31, 0x44,
  0x2f, 0x53, 0x71, 0x75, 0x65, 0x65, 0x7a, 0x65, 0x3b, 0x6d, 0x6f, 0x64,
  0x65, 0x6c, 0x2f, 0x63, 0x6f, 0x6e, 0x76, 0x31, 0x64, 0x5f, 0x32, 0x2f,
  0x52, 0x65, 0x6c, 0x75, 0x3b, 0x6d, 0x6f, 0x64, 0x65, 0x6c, 0x2f, 0x63,
  0x6f, 0x6e, 0x76, 0x31, 0x64, 0x5f, 0x32, 0x2f, 0x42, 0x69, 0x61, 0x73,
  0x41, 0x64, 0x64, 0x3b, 0x6d, 0x6f, 0x64, 0x65, 0x6c, 0x2f, 0x63, 0x6f,
  0x6e, 0x76, 0x31, 0x64, 0x5f, 0x32, 0x2f, 0x42, 0x69, 0x61, 0x73, 0x41,
  0x64, 0x64, 0x2f, 0x52, 0x65, 0x61, 0x64, 0x56, 0x61, 0x72, 0x69, 0x61,
  0x62, 0x6c, 0x65, 0x4f, 0x70, 0x00, 0x00, 0x00, 0x04, 0x00, 0x00, 0x00,
  0x01, 0x00, 0x00, 0x00, 0x01, 0x00, 0x00, 0x00, 0x18, 0x00, 0x00, 0x00,
  0x18, 0x00, 0x00, 0x00, 0x0e, 0xdd, 0xff, 0xff, 0x00, 0x00, 0x00, 0x01,
  0x18, 0x00, 0x00, 0x00, 0x28, 0x00, 0x00, 0x00, 0x44, 0x00, 0x00, 0x00,
  0x2c, 0x00, 0x00, 0x00, 0x00, 0x00, 0x00, 0x09, 0xd8, 0x00, 0x00, 0x00,
  0x04, 0x00, 0x00, 0x00, 0xff, 0xff, 0xff, 0xff, 0x01, 0x00, 0x00, 0x00,
  0x18, 0x00, 0x00, 0x00, 0x18, 0x00, 0x00, 0x00, 0xfc, 0xdc, 0xff, 0xff,
  0x08, 0x00, 0x00, 0x00, 0x10, 0x00, 0x00, 0x00, 0x01, 0x00, 0x00, 0x00,
  0x0a, 0x00, 0x00, 0x00, 0x00, 0x00, 0x00, 0x00, 0x01, 0x00, 0x00, 0x00,
  0x91, 0x14, 0xb0, 0x3b, 0x9a, 0x00, 0x00, 0x00, 0x6d, 0x6f, 0x64, 0x65,
  0x6c, 0x2f, 0x63, 0x6f, 0x6e, 0x76, 0x31, 0x64, 0x5f, 0x32, 0x2f, 0x52,
  0x65, 0x6c, 0x75, 0x3b, 0x6d, 0x6f, 0x64, 0x65, 0x6c, 0x2f, 0x63, 0x6f,
  0x6e, 0x76, 0x31, 0x64, 0x5f, 0x32, 0x2f, 0x42, 0x69, 0x61, 0x73, 0x41,
  0x64, 0x64, 0x3b, 0x6d, 0x6f, 0x64, 0x65, 0x6c, 0x2f, 0x63, 0x6f, 0x6e,
  0x76, 0x31, 0x64, 0x5f, 0x32, 0x2f, 0x43, 0x6f, 0x6e, 0x76, 0x31, 0x44,
  0x2f, 0x53, 0x71, 0x75, 0x65, 0x65, 0x7a, 0x65, 0x3b, 0x6d, 0x6f, 0x64,
  0x65, 0x6c, 0x2f, 0x63, 0x6f, 0x6e, 0x76, 0x31, 0x64, 0x5f, 0x32, 0x2f,
  0x42, 0x69, 0x61, 0x73, 0x41, 0x64, 0x64, 0x2f, 0x52, 0x65, 0x61, 0x64,
  0x56, 0x61, 0x72, 0x69, 0x61, 0x62, 0x6c, 0x65, 0x4f, 0x70, 0x3b, 0x6d,
  0x6f, 0x64, 0x65, 0x6c, 0x2f, 0x63, 0x6f, 0x6e, 0x76, 0x31, 0x64, 0x5f,
  0x36, 0x2f, 0x43, 0x6f, 0x6e, 0x76, 0x31, 0x44, 0x3b, 0x6d, 0x6f, 0x64,
  0x65, 0x6c, 0x2f, 0x63, 0x6f, 0x6e, 0x76, 0x31, 0x64, 0x5f, 0x32, 0x2f,
  0x43, 0x6f, 0x6e, 0x76, 0x31, 0x44, 0x00, 0x00, 0x04, 0x00, 0x00, 0x00,
  0x01, 0x00, 0x00, 0x00, 0x01, 0x00, 0x00, 0x00, 0x18, 0x00, 0x00, 0x00,
  0x18, 0x00, 0x00, 0x00, 0x16, 0xde, 0xff, 0xff, 0x00, 0x00, 0x00, 0x01,
  0x18, 0x00, 0x00, 0x00, 0x28, 0x00, 0x00, 0x00, 0x48, 0x00, 0x00, 0x00,
  0x2b, 0x00, 0x00, 0x00, 0x00, 0x00, 0x00, 0x09, 0x64, 0x00, 0x00, 0x00,
  0x04, 0x00, 0x00, 0x00, 0xff, 0xff, 0xff, 0xff, 0x01, 0x00, 0x00, 0x00,
  0x1a, 0x00, 0x00, 0x00, 0x18, 0x00, 0x00, 0x00, 0x04, 0xde, 0xff, 0xff,
  0x08, 0x00, 0x00, 0x00, 0x14, 0x00, 0x00, 0x00, 0x01, 0x00, 0x00, 0x00,
  0x80, 0xff, 0xff, 0xff, 0xff, 0xff, 0xff, 0xff, 0x00, 0x00, 0x00, 0x00,
  0x01, 0x00, 0x00, 0x00, 0xd4, 0xd2, 0x6b, 0x3a, 0x20, 0x00, 0x00, 0x00,
  0x6d, 0x6f, 0x64, 0x65, 0x6c, 0x2f, 0x63, 0x6f, 0x6e, 0x76, 0x31, 0x64,
  0x5f, 0x32, 0x2f, 0x43, 0x6f, 0x6e, 0x76, 0x31, 0x44, 0x2f, 0x45, 0x78,
  0x70, 0x61, 0x6e, 0x64, 0x44, 0x69, 0x6d, 0x73, 0x00, 0x00, 0x00, 0x00,
  0x04, 0x00, 0x00, 0x00, 0x01, 0x00, 0x00, 0x00, 0x01, 0x00, 0x00, 0x00,
  0x1a, 0x00, 0x00, 0x00, 0x18, 0x00, 0x00, 0x00, 0xaa, 0xde, 0xff, 0xff,
  0x00, 0x00, 0x00, 0x01, 0x18, 0x00, 0x00, 0x00, 0x24, 0x00, 0x00, 0x00,
  0x40, 0x00, 0x00, 0x00, 0x2a, 0x00, 0x00, 0x00, 0x00, 0x00, 0x00, 0x09,
  0x4c, 0x00, 0x00, 0x00, 0x03, 0x00, 0x00, 0x00, 0xff, 0xff, 0xff, 0xff,
  0x1a, 0x00, 0x00, 0x00, 0x18, 0x00, 0x00, 0x00, 0x94, 0xde, 0xff, 0xff,
  0x08, 0x00, 0x00, 0x00, 0x10, 0x00, 0x00, 0x00, 0x01, 0x00, 0x00, 0x00,
  0x80, 0xff, 0xff, 0xff, 0xff, 0xff, 0xff, 0xff, 0x01, 0x00, 0x00, 0x00,
  0xd4, 0xd2, 0x6b, 0x3a, 0x12, 0x00, 0x00, 0x00, 0x6d, 0x6f, 0x64, 0x65,
  0x6c, 0x2f, 0x63, 0x6f, 0x6e, 0x76, 0x31, 0x64, 0x5f, 0x32, 0x2f, 0x50,
  0x61, 0x64, 0x00, 0x00, 0x03, 0x00, 0x00, 0x00, 0x01, 0x00, 0x00, 0x00,
  0x1a, 0x00, 0x00, 0x00, 0x18, 0x00, 0x00, 0x00, 0x22, 0xdf, 0xff, 0xff,
  0x00, 0x00, 0x00, 0x01, 0x18, 0x00, 0x00, 0x00, 0x24, 0x00, 0x00, 0x00,
  0x40, 0x00, 0x00, 0x00, 0x29, 0x00, 0x00, 0x00, 0x00, 0x00, 0x00, 0x09,
  0xa8, 0x00, 0x00, 0x00, 0x03, 0x00, 0x00, 0x00, 0xff, 0xff, 0xff, 0xff,
  0x18, 0x00, 0x00, 0x00, 0x18, 0x00, 0x00, 0x00, 0x0c, 0xdf, 0xff, 0xff,
  0x08, 0x00, 0x00, 0x00, 0x10, 0x00, 0x00, 0x00, 0x01, 0x00, 0x00, 0x00,
  0x80, 0xff, 0xff, 0xff, 0xff, 0xff, 0xff, 0xff, 0x01, 0x00, 0x00, 0x00,
  0xd4, 0xd2, 0x6b, 0x3a, 0x6e, 0x00, 0x00, 0x00, 0x6d, 0x6f, 0x64, 0x65,
  0x6c, 0x2f, 0x63, 0x6f, 0x6e, 0x76, 0x31, 0x64, 0x5f, 0x31, 0x2f, 0x52,
  0x65, 0x6c, 0x75, 0x3b, 0x6d, 0x6f, 0x64, 0x65, 0x6c, 0x2f, 0x63, 0x6f,
  0x6e, 0x76, 0x31, 0x64, 0x5f, 0x31, 0x2f, 0x42, 0x69, 0x61, 0x73, 0x41,
  0x64, 0x64, 0x3b, 0x6d, 0x6f, 0x64, 0x65, 0x6c, 0x2f, 0x63, 0x6f, 0x6e,
  0x76, 0x31, 0x64, 0x5f, 0x31, 0x2f, 0x43, 0x6f, 0x6e, 0x76, 0x31, 0x44,
  0x2f, 0x53, 0x71, 0x75, 0x65, 0x65, 0x7a, 0x65, 0x3b, 0x6d, 0x6f, 0x64,
  0x65, 0x6c, 0x2f, 0x63, 0x6f, 0x6e, 0x76, 0x31, 0x64, 0x5f, 0x31, 0x2f,
  0x42, 0x69, 0x61, 0x73, 0x41, 0x64, 0x64, 0x2f, 0x52, 0x65, 0x61, 0x64,
  0x56, 0x61, 0x72, 0x69, 0x61, 0x62, 0x6c, 0x65, 0x4f, 0x70, 0x00, 0x00,
  0x03, 0x00, 0x00, 0x00, 0x01, 0x00, 0x00, 0x00, 0x18, 0x00, 0x00, 0x00,
  0x18, 0x00, 0x00, 0x00, 0xf6, 0xdf, 0xff, 0xff, 0x00, 0x00, 0x00, 0x01,
  0x18, 0x00, 0x00, 0x00, 0x28, 0x00, 0x00, 0x00, 0x44, 0x00, 0x00, 0x00,
  0x28, 0x00, 0x00, 0x00, 0x00, 0x00, 0x00, 0x09, 0xd8, 0x00, 0x00, 0x00,
  0x04, 0x00, 0x00, 0x00, 0xff, 0xff, 0xff, 0xff, 0x01, 0x00, 0x00, 0x00,
  0x18, 0x00, 0x00, 0x00, 0x18, 0x00, 0x00, 0x00, 0xe4, 0xdf, 0xff, 0xff,
  0x08, 0x00, 0x00, 0x00, 0x10, 0x00, 0x00, 0x00, 0x01, 0x00, 0x00, 0x00,
  0x80, 0xff, 0xff, 0xff, 0xff, 0xff, 0xff, 0xff, 0x01, 0x00, 0x00, 0x00,
  0xd4, 0xd2, 0x6b, 0x3a, 0x9a, 0x00, 0x00, 0x00, 0x6d, 0x6f, 0x64, 0x65,
  0x6c, 0x2f, 0x63, 0x6f, 0x6e, 0x76, 0x31, 0x64, 0x5f, 0x31, 0x2f, 0x52,
  0x65, 0x6c, 0x75, 0x3b, 0x6d, 0x6f, 0x64, 0x65, 0x6c, 0x2f, 0x63, 0x6f,
  0x6e, 0x76, 0x31, 0x64, 0x5f, 0x31, 0x2f, 0x42, 0x69, 0x61, 0x73, 0x41,
  0x64, 0x64, 0x3b, 0x6d, 0x6f, 0x64, 0x65, 0x6c, 0x2f, 0x63, 0x6f, 0x6e,
  0x76, 0x31, 0x64, 0x5f, 0x31, 0x2f, 0x43, 0x6f, 0x6e, 0x76, 0x31, 0x44,
  0x2f, 0x53, 0x71, 0x75, 0x65, 0x65, 0x7a, 0x65, 0x3b, 0x6d, 0x6f, 0x64,
  0x65, 0x6c, 0x2f, 0x63, 0x6f, 0x6e, 0x76, 0x31, 0x64, 0x5f, 0x31, 0x2f,
  0x42, 0x69, 0x61, 0x73, 0x41, 0x64, 0x64, 0x2f, 0x52, 0x65, 0x61, 0x64,
  0x56, 0x61, 0x72, 0x69, 0x61, 0x62, 0x6c, 0x65, 0x4f, 0x70, 0x3b, 0x6d,
  0x6f, 0x64, 0x65, 0x6c, 0x2f, 0x63, 0x6f, 0x6e, 0x76, 0x31, 0x64, 0x5f,
  0x36, 0x2f, 0x43, 0x6f, 0x6e, 0x76, 0x31, 0x44, 0x3b, 0x6d, 0x6f, 0x64,
  0x65, 0x6c, 0x2f, 0x63, 0x6f, 0x6e, 0x76, 0x31, 0x64, 0x5f, 0x31, 0x2f,
  0x43, 0x6f, 0x6e, 0x76, 0x31, 0x44, 0x00, 0x00, 0x04, 0x00, 0x00, 0x00,
  0x01, 0x00, 0x00, 0x00, 0x01, 0x00, 0x00, 0x00, 0x18, 0x00, 0x00, 0x00,
  0x18, 0x00, 0x00, 0x00, 0xfe, 0xe0, 0xff, 0xff, 0x00, 0x00, 0x00, 0x01,
  0x18, 0x00, 0x00, 0x00, 0x28, 0x00, 0x00, 0x00, 0x48, 0x00, 0x00, 0x00,
  0x27, 0x00, 0x00, 0x00, 0x00, 0x00, 0x00, 0x09, 0x64, 0x00, 0x00, 0x00,
  0x04, 0x00, 0x00, 0x00, 0xff, 0xff, 0xff, 0xff, 0x01, 0x00, 0x00, 0x00,
  0x1a, 0x00, 0x00, 0x00, 0x18, 0x00, 0x00, 0x00, 0xec, 0xe0, 0xff, 0xff,
  0x08, 0x00, 0x00, 0x00, 0x14, 0x00, 0x00, 0x00, 0x01, 0x00, 0x00, 0x00,
  0x0a, 0x00, 0x00, 0x00, 0x00, 0x00, 0x00, 0x00, 0x00, 0x00, 0x00, 0x00,
  0x01, 0x00, 0x00, 0x00, 0x91, 0x14, 0xb0, 0x3b, 0x20, 0x00, 0x00, 0x00,
  0x6d, 0x6f, 0x64, 0x65, 0x6c, 0x2f, 0x63, 0x6f, 0x6e, 0x76, 0x31, 0x64,
  0x5f, 0x31, 0x2f, 0x43, 0x6f, 0x6e, 0x76, 0x31, 0x44, 0x2f, 0x45, 0x78,
  0x70, 0x61, 0x6e, 0x64, 0x44, 0x69, 0x6d, 0x73, 0x00, 0x00, 0x00, 0x00,
  0x04, 0x00, 0x00, 0x00, 0x01, 0x00, 0x00, 0x00, 0x01, 0x00, 0x00, 0x00,
  0x1a, 0x00, 0x00, 0x00, 0x18, 0x00, 0x00, 0x00, 0x92, 0xe1, 0xff, 0xff,
  0x00, 0x00, 0x00, 0x01, 0x18, 0x00, 0x00, 0x00, 0x24, 0x00, 0x00, 0x00,
  0x40, 0x00, 0x00, 0x00, 0x26, 0x00, 0x00, 0x00, 0x00, 0x00, 0x00, 0x09,
  0x4c, 0x00, 0x00, 0x00, 0x03, 0x00, 0x00, 0x00, 0xff, 0xff, 0xff, 0xff,
  0x1a, 0x00, 0x00, 0x00, 0x18, 0x00, 0x00, 0x00, 0x7c, 0xe1, 0xff, 0xff,
  0x08, 0x00, 0x00, 0x00, 0x10, 0x00, 0x00, 0x00, 0x01, 0x00, 0x00, 0x00,
  0x0a, 0x00, 0x00, 0x00, 0x00, 0x00, 0x00, 0x00, 0x01, 0x00, 0x00, 0x00,
  0x91, 0x14, 0xb0, 0x3b, 0x12, 0x00, 0x00, 0x00, 0x6d, 0x6f, 0x64, 0x65,
  0x6c, 0x2f, 0x63, 0x6f, 0x6e, 0x76, 0x31, 0x64, 0x5f, 0x31, 0x2f, 0x50,
  0x61, 0x64, 0x00, 0x00, 0x03, 0x00, 0x00, 0x00, 0x01, 0x00, 0x00, 0x00,
  0x1a, 0x00, 0x00, 0x00, 0x18, 0x00, 0x00, 0x00, 0x0a, 0xe2, 0xff, 0xff,
  0x00, 0x00, 0x00, 0x01, 0x18, 0x00, 0x00, 0x00, 0x24, 0x00, 0x00, 0x00,
  0x40, 0x00, 0x00, 0x00, 0x25, 0x00, 0x00, 0x00, 0x00, 0x00, 0x00, 0x09,
  0x90, 0x00, 0x00, 0x00, 0x03, 0x00, 0x00, 0x00, 0xff, 0xff, 0xff, 0xff,
  0x18, 0x00, 0x00, 0x00, 0x18, 0x00, 0x00, 0x00, 0xf4, 0xe1, 0xff, 0xff,
  0x08, 0x00, 0x00, 0x00, 0x10, 0x00, 0x00, 0x00, 0x01, 0x00, 0x00, 0x00,
  0x0a, 0x00, 0x00, 0x00, 0x00, 0x00, 0x00, 0x00, 0x01, 0x00, 0x00, 0x00,
  0x91, 0x14, 0xb0, 0x3b, 0x54, 0x00, 0x00, 0x00, 0x6d, 0x6f, 0x64, 0x65,
  0x6c, 0x2f, 0x63, 0x6f, 0x6e, 0x76, 0x31, 0x64, 0x2f, 0x42, 0x69, 0x61,
  0x73, 0x41, 0x64, 0x64, 0x3b, 0x6d, 0x6f, 0x64, 0x65, 0x6c, 0x2f, 0x63,
  0x6f, 0x6e, 0x76, 0x31, 0x64, 0x2f, 0x43, 0x6f, 0x6e, 0x76, 0x31, 0x44,
  0x2f, 0x53, 0x71, 0x75, 0x65, 0x65, 0x7a, 0x65, 0x3b, 0x6d, 0x6f, 0x64,
  0x65, 0x6c, 0x2f, 0x63, 0x6f, 0x6e, 0x76, 0x31, 0x64, 0x2f, 0x42, 0x69,
  0x61, 0x73, 0x41, 0x64, 0x64, 0x2f, 0x52, 0x65, 0x61, 0x64, 0x56, 0x61,
  0x72, 0x69, 0x61, 0x62, 0x6c, 0x65, 0x4f, 0x70, 0x00, 0x00, 0x00, 0x00,
  0x03, 0x00, 0x00, 0x00, 0x01, 0x00, 0x00, 0x00, 0x18, 0x00, 0x00, 0x00,
  0x18, 0x00, 0x00, 0x00, 0xc6, 0xe2, 0xff, 0xff, 0x00, 0x00, 0x00, 0x01,
  0x18, 0x00, 0x00, 0x00, 0x28, 0x00, 0x00, 0x00, 0x48, 0x00, 0x00, 0x00,
  0x24, 0x00, 0x00, 0x00, 0x00, 0x00, 0x00, 0x09, 0xc0, 0x00, 0x00, 0x00,
  0x04, 0x00, 0x00, 0x00, 0xff, 0xff, 0xff, 0xff, 0x01, 0x00, 0x00, 0x00,
  0x18, 0x00, 0x00, 0x00, 0x18, 0x00, 0x00, 0x00, 0xb4, 0xe2, 0xff, 0xff,
  0x08, 0x00, 0x00, 0x00, 0x14, 0x00, 0x00, 0x00, 0x01, 0x00, 0x00, 0x00,
  0x0a, 0x00, 0x00, 0x00, 0x00, 0x00, 0x00, 0x00, 0x00, 0x00, 0x00, 0x00,
  0x01, 0x00, 0x00, 0x00, 0x91, 0x14, 0xb0, 0x3b, 0x7e, 0x00, 0x00, 0x00,
  0x6d, 0x6f, 0x64, 0x65, 0x6c, 0x2f, 0x63, 0x6f, 0x6e, 0x76, 0x31, 0x64,
  0x2f, 0x42, 0x69, 0x61, 0x73, 0x41, 0x64, 0x64, 0x3b, 0x6d, 0x6f, 0x64,
  0x65, 0x6c, 0x2f, 0x63, 0x6f, 0x6e, 0x76, 0x31, 0x64, 0x2f, 0x43, 0x6f,
  0x6e, 0x76, 0x31, 0x44, 0x2f, 0x53, 0x71, 0x75, 0x65, 0x65, 0x7a, 0x65,
  0x3b, 0x6d, 0x6f, 0x64, 0x65, 0x6c, 0x2f, 0x63, 0x6f, 0x6e, 0x76, 0x31,
  0x64, 0x2f, 0x42, 0x69, 0x61, 0x73, 0x41, 0x64, 0x64, 0x2f, 0x52, 0x65,
  0x61, 0x64, 0x56, 0x61, 0x72, 0x69, 0x61, 0x62, 0x6c, 0x65, 0x4f, 0x70,
  0x3b, 0x6d, 0x6f, 0x64, 0x65, 0x6c, 0x2f, 0x63, 0x6f, 0x6e, 0x76, 0x31,
  0x64, 0x5f, 0x36, 0x2f, 0x43, 0x6f, 0x6e, 0x76, 0x31, 0x44, 0x3b, 0x6d,
  0x6f, 0x64, 0x65, 0x6c, 0x2f, 0x63, 0x6f, 0x6e, 0x76, 0x31, 0x64, 0x2f,
  0x43, 0x6f, 0x6e, 0x76, 0x31, 0x44, 0x00, 0x00, 0x04, 0x00, 0x00, 0x00,
  0x01, 0x00, 0x00, 0x00, 0x01, 0x00, 0x00, 0x00, 0x18, 0x00, 0x00, 0x00,
  0x18, 0x00, 0x00, 0x00, 0xb6, 0xe3, 0xff, 0xff, 0x00, 0x00, 0x00, 0x01,
  0x18, 0x00, 0x00, 0x00, 0x28, 0x00, 0x00, 0x00, 0x48, 0x00, 0x00, 0x00,
  0x23, 0x00, 0x00, 0x00, 0x00, 0x00, 0x00, 0x09, 0x60, 0x00, 0x00, 0x00,
  0x04, 0x00, 0x00, 0x00, 0xff, 0xff, 0xff, 0xff, 0x01, 0x00, 0x00, 0x00,
  0x18, 0x00, 0x00, 0x00, 0x09, 0x00, 0x00, 0x00, 0xa4, 0xe3, 0xff, 0xff,
  0x08, 0x00, 0x00, 0x00, 0x14, 0x00, 0x00, 0x00, 0x01, 0x00, 0x00, 0x00,
  0x80, 0xff, 0xff, 0xff, 0xff, 0xff, 0xff, 0xff, 0x00, 0x00, 0x00, 0x00,
  0x01, 0x00, 0x00, 0x00, 0xa6, 0xe0, 0x7d, 0x3b, 0x1e, 0x00, 0x00, 0x00,
  0x6d, 0x6f, 0x64, 0x65, 0x6c, 0x2f, 0x63, 0x6f, 0x6e, 0x76, 0x31, 0x64,
  0x2f, 0x43, 0x6f, 0x6e, 0x76, 0x31, 0x44, 0x2f, 0x45, 0x78, 0x70, 0x61,
  0x6e, 0x64, 0x44, 0x69, 0x6d, 0x73, 0x00, 0x00, 0x04, 0x00, 0x00, 0x00,
  0x01, 0x00, 0x00, 0x00, 0x01, 0x00, 0x00, 0x00, 0x18, 0x00, 0x00, 0x00,
  0x09, 0x00, 0x00, 0x00, 0xae, 0xe4, 0xff, 0xff, 0x00, 0x00, 0x00, 0x01,
  0x14, 0x00, 0x00, 0x00, 0x48, 0x01, 0x00, 0x00, 0x22, 0x00, 0x00, 0x00,
  0x00, 0x00, 0x00, 0x09, 0x54, 0x01, 0x00, 0x00, 0x1c, 0xe4, 0xff, 0xff,
  0x08, 0x00, 0x00, 0x00, 0xcc, 0x00, 0x00, 0x00, 0x18, 0x00, 0x00, 0x00,
  0x00, 0x00, 0x00, 0x00, 0x00, 0x00, 0x00, 0x00, 0x00, 0x00, 0x00, 0x00,
  0x00, 0x00, 0x00, 0x00, 0x00, 0x00, 0x00, 0x00, 0x00, 0x00, 0x00, 0x00,
  0x00, 0x00, 0x00, 0x00, 0x00, 0x00, 0x00, 0x00, 0x00, 0x00, 0x00, 0x00,
  0x00, 0x00, 0x00, 0x00, 0x00, 0x00, 0x00, 0x00, 0x00, 0x00, 0x00, 0x00,
  0x00, 0x00, 0x00, 0x00, 0x00, 0x00, 0x00, 0x00, 0x00, 0x00, 0x00, 0x00,
  0x00, 0x00, 0x00, 0x00, 0x00, 0x00, 0x00, 0x00, 0x00, 0x00, 0x00, 0x00,
  0x00, 0x00, 0x00, 0x00, 0x00, 0x00, 0x00, 0x00, 0x00, 0x00, 0x00, 0x00,
  0x00, 0x00, 0x00, 0x00, 0x00, 0x00, 0x00, 0x00, 0x00, 0x00, 0x00, 0x00,
  0x00, 0x00, 0x00, 0x00, 0x00, 0x00, 0x00, 0x00, 0x00, 0x00, 0x00, 0x00,
  0x00, 0x00, 0x00, 0x00, 0x00, 0x00, 0x00, 0x00, 0x00, 0x00, 0x00, 0x00,
  0x00, 0x00, 0x00, 0x00, 0x00, 0x00, 0x00, 0x00, 0x00, 0x00, 0x00, 0x00,
  0x00, 0x00, 0x00, 0x00, 0x00, 0x00, 0x00, 0x00, 0x00, 0x00, 0x00, 0x00,
  0x00, 0x00, 0x00, 0x00, 0x00, 0x00, 0x00, 0x00, 0x00, 0x00, 0x00, 0x00,
  0x00, 0x00, 0x00, 0x00, 0x00, 0x00, 0x00, 0x00, 0x00, 0x00, 0x00, 0x00,
  0x00, 0x00, 0x00, 0x00, 0x00, 0x00, 0x00, 0x00, 0x00, 0x00, 0x00, 0x00,
  0x00, 0x00, 0x00, 0x00, 0x00, 0x00, 0x00, 0x00, 0x00, 0x00, 0x00, 0x00,
  0x00, 0x00, 0x00, 0x00, 0x18, 0x00, 0x00, 0x00, 0x9b, 0xdb, 0x63, 0x3b,
  0x2d, 0x82, 0x46, 0x3b, 0xf9, 0xd4, 0x27, 0x3b, 0x5f, 0x6c, 0x81, 0x3b,
  0x1d, 0xc2, 0x69, 0x3b, 0xbc, 0xa1, 0x3c, 0x3b, 0x73, 0x5f, 0x1d, 0x3b,
  0xcd, 0x82, 0x08, 0x3b, 0x73, 0x5c, 0x43, 0x3b, 0xf1, 0x79, 0x35, 0x3b,
  0x64, 0xcd, 0xa0, 0x3b, 0x62, 0x38, 0x27, 0x3b, 0x08, 0x95, 0x40, 0x3b,
  0x9c, 0x71, 0x25, 0x3b, 0x81, 0x41, 0x43, 0x3b, 0x74, 0xaf, 0x25, 0x3b,
  0x5b, 0x9b, 0x5f, 0x3b, 0x97, 0x0f, 0x3d, 0x3b, 0x70, 0x81, 0x6c, 0x3b,
  0x52, 0xda, 0x67, 0x3b, 0x80, 0x00, 0x50, 0x3b, 0x2a, 0x10, 0x2e, 0x3b,
  0x56, 0x1c, 0x47, 0x3b, 0xfb, 0x4e, 0x38, 0x3b, 0x13, 0x00, 0x00, 0x00,
  0x6d, 0x6f, 0x64, 0x65, 0x6c, 0x2f, 0x63, 0x6f, 0x6e, 0x76, 0x31, 0x64,
  0x2f, 0x43, 0x6f, 0x6e, 0x76, 0x31, 0x44, 0x00, 0x04, 0x00, 0x00, 0x00,
  0x18, 0x00, 0x00, 0x00, 0x01, 0x00, 0x00, 0x00, 0x01, 0x00, 0x00, 0x00,
  0x09, 0x00, 0x00, 0x00, 0x2e, 0xe6, 0xff, 0xff, 0x00, 0x00, 0x00, 0x01,
  0x14, 0x00, 0x00, 0x00, 0x44, 0x01, 0x00, 0x00, 0x21, 0x00, 0x00, 0x00,
  0x00, 0x00, 0x00, 0x02, 0x60, 0x01, 0x00, 0x00, 0x9c, 0xe5, 0xff, 0xff,
  0x08, 0x00, 0x00, 0x00, 0xc8, 0x00, 0x00, 0x00, 0x18, 0x00, 0x00, 0x00,
  0x00, 0x00, 0x00, 0x00, 0x00, 0x00, 0x00, 0x00, 0x00, 0x00, 0x00, 0x00,
  0x00, 0x00, 0x00, 0x00, 0x00, 0x00, 0x00, 0x00, 0x00, 0x00, 0x00, 0x00,
  0x00, 0x00, 0x00, 0x00, 0x00, 0x00, 0x00, 0x00, 0x00, 0x00, 0x00, 0x00,
  0x00, 0x00, 0x00, 0x00, 0x00, 0x00, 0x00, 0x00, 0x00, 0x00, 0x00, 0x00,
  0x00, 0x00, 0x00, 0x00, 0x00, 0x00, 0x00, 0x00, 0x00, 0x00, 0x00, 0x00,
  0x00, 0x00, 0x00, 0x00, 0x00, 0x00, 0x00, 0x00, 0x00, 0x00, 0x00, 0x00,
  0x00, 0x00, 0x00, 0x00, 0x00, 0x00, 0x00, 0x00, 0x00, 0x00, 0x00, 0x00,
  0x00, 0x00, 0x00, 0x00, 0x00, 0x00, 0x00, 0x00, 0x00, 0x00, 0x00, 0x00,
  0x00, 0x00, 0x00, 0x00, 0x00, 0x00, 0x00, 0x00, 0x00, 0x00, 0x00, 0x00,
  0x00, 0x00, 0x00, 0x00, 0x00, 0x00, 0x00, 0x00, 0x00, 0x00, 0x00, 0x00,
  0x00, 0x00, 0x00, 0x00, 0x00, 0x00, 0x00, 0x00, 0x00, 0x00, 0x00, 0x00,
  0x00, 0x00, 0x00, 0x00, 0x00, 0x00, 0x00, 0x00, 0x00, 0x00, 0x00, 0x00,
  0x00, 0x00, 0x00, 0x00, 0x00, 0x00, 0x00, 0x00, 0x00, 0x00, 0x00, 0x00,
  0x00, 0x00, 0x00, 0x00, 0x00, 0x00, 0x00, 0x00, 0x00, 0x00, 0x00, 0x00,
  0x00, 0x00, 0x00, 0x00, 0x00, 0x00, 0x00, 0x00, 0x00, 0x00, 0x00, 0x00,
  0x00, 0x00, 0x00, 0x00, 0x00, 0x00, 0x00, 0x00, 0x00, 0x00, 0x00, 0x00,
  0x18, 0x00, 0x00, 0x00, 0xfc, 0xf7, 0x61, 0x37, 0xd9, 0xdc, 0x44, 0x37,
  0xc1, 0x70, 0x26, 0x37, 0xad, 0x59, 0x80, 0x37, 0xf8, 0xd1, 0x67, 0x37,
  0x5f, 0x11, 0x3b, 0x37, 0x6e, 0x11, 0x1c, 0x37, 0x10, 0x61, 0x07, 0x37,
  0xcd, 0xbd, 0x41, 0x37, 0xc4, 0xf8, 0x33, 0x37, 0x18, 0x78, 0x9f, 0x37,
  0x77, 0xd5, 0x25, 0x37, 0x48, 0xfc, 0x3e, 0x37, 0x76, 0x12, 0x24, 0x37,
  0x14, 0xa3, 0x41, 0x37, 0xcb, 0x4f, 0x24, 0x37, 0xc2, 0xc0, 0x5d, 0x37,
  0x50, 0x7e, 0x3b, 0x37, 0x76, 0x8b, 0x6a, 0x37, 0x38, 0xee, 0x65, 0x37,
  0x06, 0x47, 0x4e, 0x37, 0xb9, 0x9e, 0x2c, 0x37, 0xbb, 0x75, 0x45, 0x37,
  0xcb, 0xc7, 0x36, 0x37, 0x23, 0x00, 0x00, 0x00, 0x6d, 0x6f, 0x64, 0x65,
  0x6c, 0x2f, 0x63, 0x6f, 0x6e, 0x76, 0x31, 0x64, 0x2f, 0x42, 0x69, 0x61,
  0x73, 0x41, 0x64, 0x64, 0x2f, 0x52, 0x65, 0x61, 0x64, 0x56, 0x61, 0x72,
  0x69, 0x61, 0x62, 0x6c, 0x65, 0x4f, 0x70, 0x00, 0x01, 0x00, 0x00, 0x00,
  0x18, 0x00, 0x00, 0x00, 0xae, 0xe7, 0xff, 0xff, 0x00, 0x00, 0x00, 0x01,
  0x14, 0x00, 0x00, 0x00, 0x44, 0x01, 0x00, 0x00, 0x20, 0x00, 0x00, 0x00,
  0x00, 0x00, 0x00, 0x09, 0x54, 0x01, 0x00, 0x00, 0x1c, 0xe7, 0xff, 0xff,
  0x08, 0x00, 0x00, 0x00, 0xc8, 0x00, 0x00, 0x00, 0x18, 0x00, 0x00, 0x00,
  0x00, 0x00, 0x00, 0x00, 0x00, 0x00, 0x00, 0x00, 0x00, 0x00, 0x00, 0x00,
  0x00, 0x00, 0x00, 0x00, 0x00, 0x00, 0x00, 0x00, 0x00, 0x00, 0x00, 0x00,
  0x00, 0x00, 0x00, 0x00, 0x00, 0x00, 0x00, 0x00, 0x00, 0x00, 0x00, 0x00,
  0x00, 0x00, 0x00, 0x00, 0x00, 0x00, 0x00, 0x00, 0x00, 0x00, 0x00, 0x00,
  0x00, 0x00, 0x00, 0x00, 0x00, 0x00, 0x00, 0x00, 0x00, 0x00, 0x00, 0x00,
  0x00, 0x00, 0x00, 0x00, 0x00, 0x00, 0x00, 0x00, 0x00, 0x00, 0x00, 0x00,
  0x00, 0x00, 0x00, 0x00, 0x00, 0x00, 0x00, 0x00, 0x00, 0x00, 0x00, 0x00,
  0x00, 0x00, 0x00, 0x00, 0x00, 0x00, 0x00, 0x00, 0x00, 0x00, 0x00, 0x00,
  0x00, 0x00, 0x00, 0x00, 0x00, 0x00, 0x00, 0x00, 0x00, 0x00, 0x00, 0x00,
  0x00, 0x00, 0x00, 0x00, 0x00, 0x00, 0x00, 0x00, 0x00, 0x00, 0x00, 0x00,
  0x00, 0x00, 0x00, 0x00, 0x00, 0x00, 0x00, 0x00, 0x00, 0x00, 0x00, 0x00,
  0x00, 0x00, 0x00, 0x00, 0x00, 0x00, 0x00, 0x00, 0x00, 0x00, 0x00, 0x00,
  0x00, 0x00, 0x00, 0x00, 0x00, 0x00, 0x00, 0x00, 0x00, 0x00, 0x00, 0x00,
  0x00, 0x00, 0x00, 0x00, 0x00, 0x00, 0x00, 0x00, 0x00, 0x00, 0x00, 0x00,
  0x00, 0x00, 0x00, 0x00, 0x00, 0x00, 0x00, 0x00, 0x00, 0x00, 0x00, 0x00,
  0x00, 0x00, 0x00, 0x00, 0x00, 0x00, 0x00, 0x00, 0x00, 0x00, 0x00, 0x00,
  0x18, 0x00, 0x00, 0x00, 0x69, 0xdd, 0xee, 0x3a, 0xc4, 0x80, 0xdc, 0x3a,
  0xe2, 0xfc, 0x06, 0x3b, 0xc6, 0xbb, 0xe8, 0x3a, 0x49, 0xff, 0xe4, 0x3a,
  0xfb, 0xe2, 0xc8, 0x3a, 0x1b, 0x8e, 0xf0, 0x3a, 0xf8, 0xee, 0xfc, 0x3a,
  0x27, 0xb4, 0x0b, 0x3b, 0x50, 0x4e, 0xf6, 0x3a, 0x50, 0x58, 0xeb, 0x3a,
  0xa5, 0x44, 0xd8, 0x3a, 0x63, 0x2d, 0xd0, 0x3a, 0x38, 0xa8, 0xdf, 0x3a,
  0xe6, 0xc1, 0xf8, 0x3a, 0x32, 0x83, 0xe2, 0x3a, 0x91, 0xb1, 0xec, 0x3a,
  0x5a, 0xd6, 0x06, 0x3b, 0x88, 0xca, 0xda, 0x3a, 0x87, 0xf1, 0x0c, 0x3b,
  0x1a, 0x57, 0xde, 0x3a, 0x8f, 0x0e, 0x4e, 0x3b, 0x1b, 0x58, 0xe2, 0x3a,
  0xc2, 0x25, 0xef, 0x3a, 0x15, 0x00, 0x00, 0x00, 0x6d, 0x6f, 0x64, 0x65,
  0x6c, 0x2f, 0x63, 0x6f, 0x6e, 0x76, 0x31, 0x64, 0x5f, 0x31, 0x2f, 0x43,
  0x6f, 0x6e, 0x76, 0x31, 0x44, 0x00, 0x00, 0x00, 0x04, 0x00, 0x00, 0x00,
  0x18, 0x00, 0x00, 0x00, 0x01, 0x00, 0x00, 0x00, 0x03, 0x00, 0x00, 0x00,
  0x18, 0x00, 0x00, 0x00, 0x2e, 0xe9, 0xff, 0xff, 0x00, 0x00, 0x00, 0x01,
  0x14, 0x00, 0x00, 0x00, 0x48, 0x01, 0x00, 0x00, 0x1f, 0x00, 0x00, 0x00,
  0x00, 0x00, 0x00, 0x02, 0x68, 0x01, 0x00, 0x00, 0x9c, 0xe8, 0xff, 0xff,
  0x08, 0x00, 0x00, 0x00, 0xcc, 0x00, 0x00, 0x00, 0x18, 0x00, 0x00, 0x00,
  0x00, 0x00, 0x00, 0x00, 0x00, 0x00, 0x00, 0x00, 0x00, 0x00, 0x00, 0x00,
  0x00, 0x00, 0x00, 0x00, 0x00, 0x00, 0x00, 0x00, 0x00, 0x00, 0x00, 0x00,
  0x00, 0x00, 0x00, 0x00, 0x00, 0x00, 0x00, 0x00, 0x00, 0x00, 0x00, 0x00,
  0x00, 0x00, 0x00, 0x00, 0x00, 0x00, 0x00, 0x00, 0x00, 0x00, 0x00, 0x00,
  0x00, 0x00, 0x00, 0x00, 0x00, 0x00, 0x00, 0x00, 0x00, 0x00, 0x00, 0x00,
  0x00, 0x00, 0x00, 0x00, 0x00, 0x00, 0x00, 0x00, 0x00, 0x00, 0x00, 0x00,
  0x00, 0x00, 0x00, 0x00, 0x00, 0x00, 0x00, 0x00, 0x00, 0x00, 0x00, 0x00,
  0x00, 0x00, 0x00, 0x00, 0x00, 0x00, 0x00, 0x00, 0x00, 0x00, 0x00, 0x00,
  0x00, 0x00, 0x00, 0x00, 0x00, 0x00, 0x00, 0x00, 0x00, 0x00, 0x00, 0x00,
  0x00, 0x00, 0x00, 0x00, 0x00, 0x00, 0x00, 0x00, 0x00, 0x00, 0x00, 0x00,
  0x00, 0x00, 0x00, 0x00, 0x00, 0x00, 0x00, 0x00, 0x00, 0x00, 0x00, 0x00,
  0x00, 0x00, 0x00, 0x00, 0x00, 0x00, 0x00, 0x00, 0x00, 0x00, 0x00, 0x00,
  0x00, 0x00, 0x00, 0x00, 0x00, 0x00, 0x00, 0x00, 0x00, 0x00, 0x00, 0x00,
  0x00, 0x00, 0x00, 0x00, 0x00, 0x00, 0x00, 0x00, 0x00, 0x00, 0x00, 0x00,
  0x00, 0x00, 0x00, 0x00, 0x00, 0x00, 0x00, 0x00, 0x00, 0x00, 0x00, 0x00,
  0x00, 0x00, 0x00, 0x00, 0x00, 0x00, 0x00, 0x00, 0x00, 0x00, 0x00, 0x00,
  0x00, 0x00, 0x00, 0x00, 0x18, 0x00, 0x00, 0x00, 0x69, 0x4b, 0x24, 0x37,
  0x3e, 0xaa, 0x17, 0x37, 0x67, 0xb1, 0x39, 0x37, 0xcb, 0x13, 0x20, 0x37,
  0xe8, 0x81, 0x1d, 0x37, 0x30, 0x2c, 0x0a, 0x37, 0x06, 0x75, 0x25, 0x37,
  0x9c, 0xf8, 0x2d, 0x37, 0x28, 0x2e, 0x40, 0x37, 0xa1, 0x69, 0x29, 0x37,
  0x9f, 0xdf, 0x21, 0x37, 0x91, 0xc0, 0x14, 0x37, 0xee, 0x2f, 0x0f, 0x37,
  0x9e, 0xd5, 0x19, 0x37, 0x4a, 0x19, 0x2b, 0x37, 0x65, 0xcc, 0x1b, 0x37,
  0x18, 0xcd, 0x22, 0x37, 0x66, 0x7c, 0x39, 0x37, 0xd1, 0x7c, 0x16, 0x37,
  0xbf, 0xe2, 0x41, 0x37, 0xbf, 0xed, 0x18, 0x37, 0x90, 0xba, 0x8d, 0x37,
  0xc2, 0xae, 0x1b, 0x37, 0x2c, 0x7d, 0x24, 0x37, 0x25, 0x00, 0x00, 0x00,
  0x6d, 0x6f, 0x64, 0x65, 0x6c, 0x2f, 0x63, 0x6f, 0x6e, 0x76, 0x31, 0x64,
  0x5f, 0x31, 0x2f, 0x42, 0x69, 0x61, 0x73, 0x41, 0x64, 0x64, 0x2f, 0x52,
  0x65, 0x61, 0x64, 0x56, 0x61, 0x72, 0x69, 0x61, 0x62, 0x6c, 0x65, 0x4f,
  0x70, 0x00, 0x00, 0x00, 0x01, 0x00, 0x00, 0x00, 0x18, 0x00, 0x00, 0x00,
  0xb6, 0xea, 0xff, 0xff, 0x00, 0x00, 0x00, 0x01, 0x14, 0x00, 0x00, 0x00,
  0x44, 0x01, 0x00, 0x00, 0x1e, 0x00, 0x00, 0x00, 0x00, 0x00, 0x00, 0x09,
  0x54, 0x01, 0x00, 0x00, 0x24, 0xea, 0xff, 0xff, 0x08, 0x00, 0x00, 0x00,
  0xc8, 0x00, 0x00, 0x00, 0x18, 0x00, 0x00, 0x00, 0x00, 0x00, 0x00, 0x00,
  0x00, 0x00, 0x00, 0x00, 0x00, 0x00, 0x00, 0x00, 0x00, 0x00, 0x00, 0x00,
  0x00, 0x00, 0x00, 0x00, 0x00, 0x00, 0x00, 0x00, 0x00, 0x00, 0x00, 0x00,
  0x00, 0x00, 0x00, 0x00, 0x00, 0x00, 0x00, 0x00, 0x00, 0x00, 0x00, 0x00,
  0x00, 0x00, 0x00, 0x00, 0x00, 0x00, 0x00, 0x00, 0x00, 0x00, 0x00, 0x00,
  0x00, 0x00, 0x00, 0x00, 0x00, 0x00, 0x00, 0x00, 0x00, 0x00, 0x00, 0x00,
  0x00, 0x00, 0x00, 0x00, 0x00, 0x00, 0x00, 0x00, 0x00, 0x00, 0x00, 0x00,
  0x00, 0x00, 0x00, 0x00, 0x00, 0x00, 0x00, 0x00, 0x00, 0x00, 0x00, 0x00,
  0x00, 0x00, 0x00, 0x00, 0x00, 0x00, 0x00, 0x00, 0x00, 0x00, 0x00, 0x00,
  0x00, 0x00, 0x00, 0x00, 0x00, 0x00, 0x00, 0x00, 0x00, 0x00, 0x00, 0x00,
  0x00, 0x00, 0x00, 0x00, 0x00, 0x00, 0x00, 0x00, 0x00, 0x00, 0x00, 0x00,
  0x00, 0x00, 0x00, 0x00, 0x00, 0x00, 0x00, 0x00, 0x00, 0x00, 0x00, 0x00,
  0x00, 0x00, 0x00, 0x00, 0x00, 0x00, 0x00, 0x00, 0x00, 0x00, 0x00, 0x00,
  0x00, 0x00, 0x00, 0x00, 0x00, 0x00, 0x00, 0x00, 0x00, 0x00, 0x00, 0x00,
  0x00, 0x00, 0x00, 0x00, 0x00, 0x00, 0x00, 0x00, 0x00, 0x00, 0x00, 0x00,
  0x00, 0x00, 0x00, 0x00, 0x00, 0x00, 0x00, 0x00, 0x00, 0x00, 0x00, 0x00,
  0x00, 0x00, 0x00, 0x00, 0x00, 0x00, 0x00, 0x00, 0x18, 0x00, 0x00, 0x00,
  0x0b, 0x2e, 0xef, 0x3a, 0x88, 0xa2, 0xde, 0x3a, 0xe6, 0xaf, 0xe5, 0x3a,
  0x66, 0x48, 0x39, 0x3b, 0x15, 0x5b, 0x16, 0x3b, 0x93, 0x14, 0x32, 0x3b,
  0xcc, 0x01, 0xfd, 0x3a, 0x96, 0x0c, 0x34, 0x3b, 0xaf, 0x62, 0xd4, 0x3a,
  0x48, 0xcb, 0xee, 0x3a, 0x0d, 0xcb, 0xe6, 0x3a, 0xa9, 0xb6, 0xce, 0x3a,
  0x1d, 0x8d, 0xf4, 0x3a, 0x86, 0x06, 0x1b, 0x3b, 0x86, 0x11, 0xe6, 0x3a,
  0x04, 0x16, 0xf6, 0x3a, 0xae, 0xc7, 0xf1, 0x3a, 0x2c, 0x53, 0xdd, 0x3a,
  0xaa, 0x25, 0xf7, 0x3a, 0x31, 0x40, 0xef, 0x3a, 0x5e, 0x67, 0xe8, 0x3a,
  0xca, 0x6e, 0x05, 0x3b, 0x56, 0x69, 0x0e, 0x3b, 0x03, 0x2e, 0x67, 0x3b,
  0x15, 0x00, 0x00, 0x00, 0x6d, 0x6f, 0x64, 0x65, 0x6c, 0x2f, 0x63, 0x6f,
  0x6e, 0x76, 0x31, 0x64, 0x5f, 0x32, 0x2f, 0x43, 0x6f, 0x6e, 0x76, 0x31,
  0x44, 0x00, 0x00, 0x00, 0x04, 0x00, 0x00, 0x00, 0x18, 0x00, 0x00, 0x00,
  0x01, 0x00, 0x00, 0x00, 0x03, 0x00, 0x00, 0x00, 0x18, 0x00, 0x00, 0x00,
  0x36, 0xec, 0xff, 0xff, 0x00, 0x00, 0x00, 0x01, 0x14, 0x00, 0x00, 0x00,
  0x48, 0x01, 0x00, 0x00, 0x1d, 0x00, 0x00, 0x00, 0x00, 0x00, 0x00, 0x02,
  0x68, 0x01, 0x00, 0x00, 0xa4, 0xeb, 0xff, 0xff, 0x08, 0x00, 0x00, 0x00,
  0xcc, 0x00, 0x00, 0x00, 0x18, 0x00, 0x00, 0x00, 0x00, 0x00, 0x00, 0x00,
  0x00, 0x00, 0x00, 0x00, 0x00, 0x00, 0x00, 0x00, 0x00, 0x00, 0x00, 0x00,
  0x00, 0x00, 0x00, 0x00, 0x00, 0x00, 0x00, 0x00, 0x00, 0x00, 0x00, 0x00,
  0x00, 0x00, 0x00, 0x00, 0x00, 0x00, 0x00, 0x00, 0x00, 0x00, 0x00, 0x00,
  0x00, 0x00, 0x00, 0x00, 0x00, 0x00, 0x00, 0x00, 0x00, 0x00, 0x00, 0x00,
  0x00, 0x00, 0x00, 0x00, 0x00, 0x00, 0x00, 0x00, 0x00, 0x00, 0x00, 0x00,
  0x00, 0x00, 0x00, 0x00, 0x00, 0x00, 0x00, 0x00, 0x00, 0x00, 0x00, 0x00,
  0x00, 0x00, 0x00, 0x00, 0x00, 0x00, 0x00, 0x00, 0x00, 0x00, 0x00, 0x00,
  0x00, 0x00, 0x00, 0x00, 0x00, 0x00, 0x00, 0x00, 0x00, 0x00, 0x00, 0x00,
  0x00, 0x00, 0x00, 0x00, 0x00, 0x00, 0x00, 0x00, 0x00, 0x00, 0x00, 0x00,
  0x00, 0x00, 0x00, 0x00, 0x00, 0x00, 0x00, 0x00, 0x00, 0x00, 0x00, 0x00,
  0x00, 0x00, 0x00, 0x00, 0x00, 0x00, 0x00, 0x00, 0x00, 0x00, 0x00, 0x00,
  0x00, 0x00, 0x00, 0x00, 0x00, 0x00, 0x00, 0x00, 0x00, 0x00, 0x00, 0x00,
  0x00, 0x00, 0x00, 0x00, 0x00, 0x00, 0x00, 0x00, 0x00, 0x00, 0x00, 0x00,
  0x00, 0x00, 0x00, 0x00, 0x00, 0x00, 0x00, 0x00, 0x00, 0x00, 0x00, 0x00,
  0x00, 0x00, 0x00, 0x00, 0x00, 0x00, 0x00, 0x00, 0x00, 0x00, 0x00, 0x00,
  0x00, 0x00, 0x00, 0x00, 0x00, 0x00, 0x00, 0x00, 0x00, 0x00, 0x00, 0x00,
  0x18, 0x00, 0x00, 0x00, 0x3e, 0x54, 0xdc, 0x35, 0x8d, 0x16, 0xcd, 0x35,
  0xa1, 0x95, 0xd3, 0x35, 0x0c, 0xae, 0x2a, 0x36, 0x70, 0x81, 0x0a, 0x36,
  0x8b, 0x0b, 0x24, 0x36, 0x03, 0x11, 0xe9, 0x35, 0xd5, 0xdb, 0x25, 0x36,
  0x7f, 0xa5, 0xc3, 0x35, 0x44, 0xf9, 0xdb, 0x35, 0x77, 0x9a, 0xd4, 0x35,
  0xea, 0x6b, 0xbe, 0x35, 0xf0, 0x46, 0xe1, 0x35, 0xa9, 0xce, 0x0e, 0x36,
  0x8f, 0xef, 0xd3, 0x35, 0xe0, 0xb0, 0xe2, 0x35, 0x6b, 0xb9, 0xde, 0x35,
  0x9f, 0xe1, 0xcb, 0x35, 0x1d, 0xab, 0xe3, 0x35, 0xf6, 0x64, 0xdc, 0x35,
  0x49, 0x16, 0xd6, 0x35, 0x2e, 0xd5, 0xf5, 0x35, 0xfa, 0x2f, 0x03, 0x36,
  0xa0, 0xf5, 0x54, 0x36, 0x25, 0x00, 0x00, 0x00, 0x6d, 0x6f, 0x64, 0x65,
  0x6c, 0x2f, 0x63, 0x6f, 0x6e, 0x76, 0x31, 0x64, 0x5f, 0x32, 0x2f, 0x42,
  0x69, 0x61, 0x73, 0x41, 0x64, 0x64, 0x2f, 0x52, 0x65, 0x61, 0x64, 0x56,
  0x61, 0x72, 0x69, 0x61, 0x62, 0x6c, 0x65, 0x4f, 0x70, 0x00, 0x00, 0x00,
  0x01, 0x00, 0x00, 0x00, 0x18, 0x00, 0x00, 0x00, 0xbe, 0xed, 0xff, 0xff,
  0x00, 0x00, 0x00, 0x01, 0x14, 0x00, 0x00, 0x00, 0x44, 0x01, 0x00, 0x00,
  0x1c, 0x00, 0x00, 0x00, 0x00, 0x00, 0x00, 0x09, 0x54, 0x01, 0x00, 0x00,
  0x2c, 0xed, 0xff, 0xff, 0x08, 0x00, 0x00, 0x00, 0xc8, 0x00, 0x00, 0x00,
  0x18, 0x00, 0x00, 0x00, 0x00, 0x00, 0x00, 0x00, 0x00, 0x00, 0x00, 0x00,
  0x00, 0x00, 0x00, 0x00, 0x00, 0x00, 0x00, 0x00, 0x00, 0x00, 0x00, 0x00,
  0x00, 0x00, 0x00, 0x00, 0x00, 0x00, 0x00, 0x00, 0x00, 0x00, 0x00, 0x00,
  0x00, 0x00, 0x00, 0x00, 0x00, 0x00, 0x00, 0x00, 0x00, 0x00, 0x00, 0x00,
  0x00, 0x00, 0x00, 0x00, 0x00, 0x00, 0x00, 0x00, 0x00, 0x00, 0x00, 0x00,
  0x00, 0x00, 0x00, 0x00, 0x00, 0x00, 0x00, 0x00, 0x00, 0x00, 0x00, 0x00,
  0x00, 0x00, 0x00, 0x00, 0x00, 0x00, 0x00, 0x00, 0x00, 0x00, 0x00, 0x00,
  0x00, 0x00, 0x00, 0x00, 0x00, 0x00, 0x00, 0x00, 0x00, 0x00, 0x00, 0x00,
  0x00, 0x00, 0x00, 0x00, 0x00, 0x00, 0x00, 0x00, 0x00, 0x00, 0x00, 0x00,
  0x00, 0x00, 0x00, 0x00, 0x00, 0x00, 0x00, 0x00, 0x00, 0x00, 0x00, 0x00,
  0x00, 0x00, 0x00, 0x00, 0x00, 0x00, 0x00, 0x00, 0x00, 0x00, 0x00, 0x00,
  0x00, 0x00, 0x00, 0x00, 0x00, 0x00, 0x00, 0x00, 0x00, 0x00, 0x00, 0x00,
  0x00, 0x00, 0x00, 0x00, 0x00, 0x00, 0x00, 0x00, 0x00, 0x00, 0x00, 0x00,
  0x00, 0x00, 0x00, 0x00, 0x00, 0x00, 0x00, 0x00, 0x00, 0x00, 0x00, 0x00,
  0x00, 0x00, 0x00, 0x00, 0x00, 0x00, 0x00, 0x00, 0x00, 0x00, 0x00, 0x00,
  0x00, 0x00, 0x00, 0x00, 0x00, 0x00, 0x00, 0x00, 0x00, 0x00, 0x00, 0x00,
  0x00, 0x00, 0x00, 0x00, 0x18, 0x00, 0x00, 0x00, 0xa5, 0x14, 0x03, 0x3b,
  0x6d, 0x51, 0xf3, 0x3a, 0x58, 0xed, 0x0d, 0x3b, 0x3a, 0x75, 0xfa, 0x3a,
  0x98, 0xb7, 0xf0, 0x3a, 0x6a, 0x4b, 0xf4, 0x3a, 0x3b, 0x6a, 0xec, 0x3a,
  0xa2, 0x15, 0xfc, 0x3a, 0x28, 0xec, 0xd7, 0x3a, 0x6e, 0x0d, 0x00, 0x3b,
  0x20, 0x94, 0xe7, 0x3a, 0xac, 0x93, 0x00, 0x3b, 0x8f, 0x29, 0xd6, 0x3a,
  0x0c, 0x70, 0xd2, 0x3a, 0xdd, 0x3e, 0xf6, 0x3a, 0x64, 0xb1, 0xe7, 0x3a,
  0x13, 0xfb, 0x08, 0x3b, 0xc3, 0xe0, 0xfc, 0x3a, 0x2b, 0x59, 0x14, 0x3b,
  0x36, 0x31, 0xed, 0x3a, 0x48, 0x0e, 0xfe, 0x3a, 0x6d, 0x04, 0x6b, 0x3b,
  0x85, 0xe6, 0xd8, 0x3a, 0xf1, 0xc5, 0x0a, 0x3b, 0x15, 0x00, 0x00, 0x00,
  0x6d, 0x6f, 0x64, 0x65, 0x6c, 0x2f, 0x63, 0x6f, 0x6e, 0x76, 0x31, 0x64,
  0x5f, 0x33, 0x2f, 0x43, 0x6f, 0x6e, 0x76, 0x31, 0x44, 0x00, 0x00, 0x00,
  0x04, 0x00, 0x00, 0x00, 0x18, 0x00, 0x00, 0x00, 0x01, 0x00, 0x00, 0x00,
  0x03, 0x00, 0x00, 0x00, 0x18, 0x00, 0x00, 0x00, 0x3e, 0xef, 0xff, 0xff,
  0x00, 0x00, 0x00, 0x01, 0x14, 0x00, 0x00, 0x00, 0x48, 0x01, 0x00, 0x00,
  0x18, 0x00, 0x00, 0x00, 0x00, 0x00, 0x00, 0x02, 0x58, 0x01, 0x00, 0x00,
  0xac, 0xee, 0xff, 0xff, 0x08, 0x00, 0x00, 0x00, 0xcc, 0x00, 0x00, 0x00,
  0x18, 0x00, 0x00, 0x00, 0x00, 0x00, 0x00, 0x00, 0x00, 0x00, 0x00, 0x00,
  0x00, 0x00, 0x00, 0x00, 0x00, 0x00, 0x00, 0x00, 0x00, 0x00, 0x00, 0x00,
  0x00, 0x00, 0x00, 0x00, 0x00, 0x00, 0x00, 0x00, 0x00, 0x00, 0x00, 0x00,
  0x00, 0x00, 0x00, 0x00, 0x00, 0x00, 0x00, 0x00, 0x00, 0x00, 0x00, 0x00,
  0x00, 0x00, 0x00, 0x00, 0x00, 0x00, 0x00, 0x00, 0x00, 0x00, 0x00, 0x00,
  0x00, 0x00, 0x00, 0x00, 0x00, 0x00, 0x00, 0x00, 0x00, 0x00, 0x00, 0x00,
  0x00, 0x00, 0x00, 0x00, 0x00, 0x00, 0x00, 0x00, 0x00, 0x00, 0x00, 0x00,
  0x00, 0x00, 0x00, 0x00, 0x00, 0x00, 0x00, 0x00, 0x00, 0x00, 0x00, 0x00,
  0x00, 0x00, 0x00, 0x00, 0x00, 0x00, 0x00, 0x00, 0x00, 0x00, 0x00, 0x00,
  0x00, 0x00, 0x00, 0x00, 0x00, 0x00, 0x00, 0x00, 0x00, 0x00, 0x00, 0x00,
  0x00, 0x00, 0x00, 0x00, 0x00, 0x00, 0x00, 0x00, 0x00, 0x00, 0x00, 0x00,
  0x00, 0x00, 0x00, 0x00, 0x00, 0x00, 0x00, 0x00, 0x00, 0x00, 0x00, 0x00,
  0x00, 0x00, 0x00, 0x00, 0x00, 0x00, 0x00, 0x00, 0x00, 0x00, 0x00, 0x00,
  0x00, 0x00, 0x00, 0x00, 0x00, 0x00, 0x00, 0x00, 0x00, 0x00, 0x00, 0x00,
  0x00, 0x00, 0x00, 0x00, 0x00, 0x00, 0x00, 0x00, 0x00, 0x00, 0x00, 0x00,
  0x00, 0x00, 0x00, 0x00, 0x00, 0x00, 0x00, 0x00, 0x00, 0x00, 0x00, 0x00,
  0x00, 0x00, 0x00, 0x00, 0x00, 0x00, 0x00, 0x00, 0x18, 0x00, 0x00, 0x00,
  0x8f, 0xda, 0x13, 0x36, 0x26, 0x36, 0x39, 0x36, 0xe6, 0x44, 0x35, 0x36,
  0x0c, 0xd0, 0x19, 0x36, 0x5d, 0x89, 0x1a, 0x36, 0xd8, 0xe9, 0x21, 0x36,
  0x58, 0x53, 0x90, 0x36, 0x13, 0x36, 0x26, 0x36, 0x90, 0xdf, 0x80, 0x36,
  0x31, 0x86, 0x64, 0x36, 0x56, 0x09, 0x87, 0x36, 0x5c, 0x88, 0x19, 0x36,
  0xb4, 0x1e, 0x19, 0x36, 0xd2, 0xdc, 0x22, 0x36, 0xc4, 0xa0, 0x16, 0x36,
  0x47, 0xda, 0x1a, 0x36, 0xc9, 0x72, 0x45, 0x36, 0xe0, 0xf8, 0x19, 0x36,
  0x2b, 0x6e, 0x3b, 0x36, 0x4a, 0x73, 0x18, 0x36, 0xfd, 0x7e, 0x0b, 0x36,
  0x93, 0xa6, 0x29, 0x36, 0xc1, 0x7c, 0x71, 0x36, 0xf3, 0x58, 0x2b, 0x36,
  0x16, 0x00, 0x00, 0x00, 0x6d, 0x6f, 0x64, 0x65, 0x6c, 0x2f, 0x63, 0x6f,
  0x6e, 0x76, 0x31, 0x64, 0x5f, 0x36, 0x2f, 0x43, 0x6f, 0x6e, 0x76, 0x31,
  0x44, 0x34, 0x00, 0x00, 0x01, 0x00, 0x00, 0x00, 0x18, 0x00, 0x00, 0x00,
  0xb6, 0xf0, 0xff, 0xff, 0x00, 0x00, 0x00, 0x01, 0x14, 0x00, 0x00, 0x00,
  0x48, 0x01, 0x00, 0x00, 0x18, 0x00, 0x00, 0x00, 0x00, 0x00, 0x00, 0x02,
  0x58, 0x01, 0x00, 0x00, 0x24, 0xf0, 0xff, 0xff, 0x08, 0x00, 0x00, 0x00,
  0xcc, 0x00, 0x00, 0x00, 0x18, 0x00, 0x00, 0x00, 0x00, 0x00, 0x00, 0x00,
  0x00, 0x00, 0x00, 0x00, 0x00, 0x00, 0x00, 0x00, 0x00, 0x00, 0x00, 0x00,
  0x00, 0x00, 0x00, 0x00, 0x00, 0x00, 0x00, 0x00, 0x00, 0x00, 0x00, 0x00,
  0x00, 0x00, 0x00, 0x00, 0x00, 0x00, 0x00, 0x00, 0x00, 0x00, 0x00, 0x00,
  0x00, 0x00, 0x00, 0x00, 0x00, 0x00, 0x00, 0x00, 0x00, 0x00, 0x00, 0x00,
  0x00, 0x00, 0x00, 0x00, 0x00, 0x00, 0x00, 0x00, 0x00, 0x00, 0x00, 0x00,
  0x00, 0x00, 0x00, 0x00, 0x00, 0x00, 0x00, 0x00, 0x00, 0x00, 0x00, 0x00,
  0x00, 0x00, 0x00, 0x00, 0x00, 0x00, 0x00, 0x00, 0x00, 0x00, 0x00, 0x00,
  0x00, 0x00, 0x00, 0x00, 0x00, 0x00, 0x00, 0x00, 0x00, 0x00, 0x00, 0x00,
  0x00, 0x00, 0x00, 0x00, 0x00, 0x00, 0x00, 0x00, 0x00, 0x00, 0x00, 0x00,
  0x00, 0x00, 0x00, 0x00, 0x00, 0x00, 0x00, 0x00, 0x00, 0x00, 0x00, 0x00,
  0x00, 0x00, 0x00, 0x00, 0x00, 0x00, 0x00, 0x00, 0x00, 0x00, 0x00, 0x00,
  0x00, 0x00, 0x00, 0x00, 0x00, 0x00, 0x00, 0x00, 0x00, 0x00, 0x00, 0x00,
  0x00, 0x00, 0x00, 0x00, 0x00, 0x00, 0x00, 0x00, 0x00, 0x00, 0x00, 0x00,
  0x00, 0x00, 0x00, 0x00, 0x00, 0x00, 0x00, 0x00, 0x00, 0x00, 0x00, 0x00,
  0x00, 0x00, 0x00, 0x00, 0x00, 0x00, 0x00, 0x00, 0x00, 0x00, 0x00, 0x00,
  0x00, 0x00, 0x00, 0x00, 0x00, 0x00, 0x00, 0x00, 0x00, 0x00, 0x00, 0x00,
  0x18, 0x00, 0x00, 0x00, 0xc4, 0x6d, 0x29, 0x37, 0x46, 0x0e, 0x1c, 0x37,
  0x26, 0xf8, 0x49, 0x37, 0x5e, 0xa2, 0x33, 0x37, 0xaa, 0x28, 0x31, 0x37,
  0xc0, 0x4d, 0x1c, 0x37, 0xfc, 0xb5, 0x17, 0x37, 0xb0, 0x31, 0x20, 0x37,
  0xc9, 0x28, 0x21, 0x37, 0xeb, 0x72, 0x42, 0x37, 0xf3, 0x53, 0x3a, 0x37,
  0x24, 0x0b, 0x40, 0x37, 0x66, 0x37, 0x20, 0x37, 0xa4, 0xfd, 0x31, 0x37,
  0x88, 0x35, 0x35, 0x37, 0x5c, 0xb2, 0x2b, 0x37, 0x20, 0x13, 0x26, 0x37,
  0x16, 0xbc, 0x40, 0x37, 0xbe, 0x38, 0x30, 0x37, 0x83, 0xd5, 0x2d, 0x37,
  0x83, 0x02, 0x2d, 0x37, 0x0f, 0xa2, 0x67, 0x37, 0x06, 0x7b, 0x0f, 0x37,
  0x8d, 0x00, 0xa1, 0x37, 0x16, 0x00, 0x00, 0x00, 0x6d, 0x6f, 0x64, 0x65,
  0x6c, 0x2f, 0x63, 0x6f, 0x6e, 0x76, 0x31, 0x64, 0x5f, 0x36, 0x2f, 0x43,
  0x6f, 0x6e, 0x76, 0x31, 0x44, 0x33, 0x00, 0x00, 0x01, 0x00, 0x00, 0x00,
  0x18, 0x00, 0x00, 0x00, 0x2e, 0xf2, 0xff, 0xff, 0x00, 0x00, 0x00, 0x01,
  0x14, 0x00, 0x00, 0x00, 0x48, 0x01, 0x00, 0x00, 0x18, 0x00, 0x00, 0x00,
  0x00, 0x00, 0x00, 0x02, 0x58, 0x01, 0x00, 0x00, 0x9c, 0xf1, 0xff, 0xff,
  0x08, 0x00, 0x00, 0x00, 0xcc, 0x00, 0x00, 0x00, 0x18, 0x00, 0x00, 0x00,
  0x00, 0x00, 0x00, 0x00, 0x00, 0x00, 0x00, 0x00, 0x00, 0x00, 0x00, 0x00,
  0x00, 0x00, 0x00, 0x00, 0x00, 0x00, 0x00, 0x00, 0x00, 0x00, 0x00, 0x00,
  0x00, 0x00, 0x00, 0x00, 0x00, 0x00, 0x00, 0x00, 0x00, 0x00, 0x00, 0x00,
  0x00, 0x00, 0x00, 0x00, 0x00, 0x00, 0x00, 0x00, 0x00, 0x00, 0x00, 0x00,
  0x00, 0x00, 0x00, 0x00, 0x00, 0x00, 0x00, 0x00, 0x00, 0x00, 0x00, 0x00,
  0x00, 0x00, 0x00, 0x00, 0x00, 0x00, 0x00, 0x00, 0x00, 0x00, 0x00, 0x00,
  0x00, 0x00, 0x00, 0x00, 0x00, 0x00, 0x00, 0x00, 0x00, 0x00, 0x00, 0x00,
  0x00, 0x00, 0x00, 0x00, 0x00, 0x00, 0x00, 0x00, 0x00, 0x00, 0x00, 0x00,
  0x00, 0x00, 0x00, 0x00, 0x00, 0x00, 0x00, 0x00, 0x00, 0x00, 0x00, 0x00,
  0x00, 0x00, 0x00, 0x00, 0x00, 0x00, 0x00, 0x00, 0x00, 0x00, 0x00, 0x00,
  0x00, 0x00, 0x00, 0x00, 0x00, 0x00, 0x00, 0x00, 0x00, 0x00, 0x00, 0x00,
  0x00, 0x00, 0x00, 0x00, 0x00, 0x00, 0x00, 0x00, 0x00, 0x00, 0x00, 0x00,
  0x00, 0x00, 0x00, 0x00, 0x00, 0x00, 0x00, 0x00, 0x00, 0x00, 0x00, 0x00,
  0x00, 0x00, 0x00, 0x00, 0x00, 0x00, 0x00, 0x00, 0x00, 0x00, 0x00, 0x00,
  0x00, 0x00, 0x00, 0x00, 0x00, 0x00, 0x00, 0x00, 0x00, 0x00, 0x00, 0x00,
  0x00, 0x00, 0x00, 0x00, 0x00, 0x00, 0x00, 0x00, 0x00, 0x00, 0x00, 0x00,
  0x00, 0x00, 0x00, 0x00, 0x18, 0x00, 0x00, 0x00, 0x91, 0xb1, 0xfb, 0x35,
  0xe0, 0x36, 0x1a, 0x36, 0x26, 0x07, 0xf5, 0x35, 0x7f, 0x68, 0x03, 0x36,
  0x7a, 0xac, 0x59, 0x36, 0x98, 0x40, 0x08, 0x36, 0xbd, 0x51, 0x45, 0x36,
  0x9b, 0x4d, 0xeb, 0x35, 0xdc, 0x19, 0xe0, 0x35, 0x55, 0xab, 0xfe, 0x35,
  0xc8, 0xbe, 0x07, 0x36, 0x8d, 0xb8, 0x57, 0x36, 0xaa, 0xc4, 0x20, 0x36,
  0x7c, 0x1b, 0x0a, 0x36, 0xc0, 0xa2, 0x0f, 0x36, 0xd7, 0xab, 0xf6, 0x35,
  0x1b, 0x60, 0x0a, 0x36, 0x68, 0x22, 0xe5, 0x35, 0xbd, 0x7b, 0xfb, 0x35,
  0x1c, 0x96, 0xf1, 0x35, 0x4d, 0xc7, 0xd7, 0x35, 0x9f, 0xa3, 0x10, 0x36,
  0xff, 0xb5, 0xe3, 0x35, 0xcf, 0xaa, 0xe4, 0x35, 0x16, 0x00, 0x00, 0x00,
  0x6d, 0x6f, 0x64, 0x65, 0x6c, 0x2f, 0x63, 0x6f, 0x6e, 0x76, 0x31, 0x64,
  0x5f, 0x36, 0x2f, 0x43, 0x6f, 0x6e, 0x76, 0x31, 0x44, 0x32, 0x00, 0x00,
  0x01, 0x00, 0x00, 0x00, 0x18, 0x00, 0x00, 0x00, 0xa6, 0xf3, 0xff, 0xff,
  0x00, 0x00, 0x00, 0x01, 0x14, 0x00, 0x00, 0x00, 0x48, 0x01, 0x00, 0x00,
  0x18, 0x00, 0x00, 0x00, 0x00, 0x00, 0x00, 0x02, 0x58, 0x01, 0x00, 0x00,
  0x14, 0xf3, 0xff, 0xff, 0x08, 0x00, 0x00, 0x00, 0xcc, 0x00, 0x00, 0x00,
  0x18, 0x00, 0x00, 0x00, 0x00, 0x00, 0x00, 0x00, 0x00, 0x00, 0x00, 0x00,
  0x00, 0x00, 0x00, 0x00, 0x00, 0x00, 0x00, 0x00, 0x00, 0x00, 0x00, 0x00,
  0x00, 0x00, 0x00, 0x00, 0x00, 0x00, 0x00, 0x00, 0x00, 0x00, 0x00, 0x00,
  0x00, 0x00, 0x00, 0x00, 0x00, 0x00, 0x00, 0x00, 0x00, 0x00, 0x00, 0x00,
  0x00, 0x00, 0x00, 0x00, 0x00, 0x00, 0x00, 0x00, 0x00, 0x00, 0x00, 0x00,
  0x00, 0x00, 0x00, 0x00, 0x00, 0x00, 0x00, 0x00, 0x00, 0x00, 0x00, 0x00,
  0x00, 0x00, 0x00, 0x00, 0x00, 0x00, 0x00, 0x00, 0x00, 0x00, 0x00, 0x00,
  0x00, 0x00, 0x00, 0x00, 0x00, 0x00, 0x00, 0x00, 0x00, 0x00, 0x00, 0x00,
  0x00, 0x00, 0x00, 0x00, 0x00, 0x00, 0x00, 0x00, 0x00, 0x00, 0x00, 0x00,
  0x00, 0x00, 0x00, 0x00, 0x00, 0x00, 0x00, 0x00, 0x00, 0x00, 0x00, 0x00,
  0x00, 0x00, 0x00, 0x00, 0x00, 0x00, 0x00, 0x00, 0x00, 0x00, 0x00, 0x00,
  0x00, 0x00, 0x00, 0x00, 0x00, 0x00, 0x00, 0x00, 0x00, 0x00, 0x00, 0x00,
  0x00, 0x00, 0x00, 0x00, 0x00, 0x00, 0x00, 0x00, 0x00, 0x00, 0x00, 0x00,
  0x00, 0x00, 0x00, 0x00, 0x00, 0x00, 0x00, 0x00, 0x00, 0x00, 0x00, 0x00,
  0x00, 0x00, 0x00, 0x00, 0x00, 0x00, 0x00, 0x00, 0x00, 0x00, 0x00, 0x00,
  0x00, 0x00, 0x00, 0x00, 0x00, 0x00, 0x00, 0x00, 0x00, 0x00, 0x00, 0x00,
  0x00, 0x00, 0x00, 0x00, 0x00, 0x00, 0x00, 0x00, 0x18, 0x00, 0x00, 0x00,
  0x73, 0x51, 0x34, 0x37, 0x87, 0x5b, 0x27, 0x37, 0x27, 0x3d, 0x43, 0x37,
  0xb7, 0x44, 0x2c, 0x37, 0x8f, 0x91, 0x25, 0x37, 0x79, 0x07, 0x28, 0x37,
  0x07, 0x9c, 0x22, 0x37, 0x20, 0x63, 0x2d, 0x37, 0xb4, 0x83, 0x14, 0x37,
  0x0a, 0x27, 0x30, 0x37, 0x71, 0x48, 0x1f, 0x37, 0xb5, 0xdf, 0x30, 0x37,
  0xc7, 0x4d, 0x13, 0x37, 0xf0, 0xbd, 0x10, 0x37, 0x00, 0x5f, 0x29, 0x37,
  0x92, 0x5c, 0x1f, 0x37, 0x3d, 0x6f, 0x3c, 0x37, 0xd7, 0xee, 0x2d, 0x37,
  0x71, 0x12, 0x4c, 0x37, 0xe3, 0x24, 0x23, 0x37, 0x3b, 0xbe, 0x2e, 0x37,
  0xec, 0xa5, 0xa1, 0x37, 0xe8, 0x2f, 0x15, 0x37, 0x78, 0xe6, 0x3e, 0x37,
  0x15, 0x00, 0x00, 0x00, 0x6d, 0x6f, 0x64, 0x65, 0x6c, 0x2f, 0x63, 0x6f,
  0x6e, 0x76, 0x31, 0x64, 0x5f, 0x36, 0x2f, 0x43, 0x6f, 0x6e, 0x76, 0x31,
  0x44, 0x00, 0x00, 0x00, 0x01, 0x00, 0x00, 0x00, 0x18, 0x00, 0x00, 0x00,
  0x1e, 0xf5, 0xff, 0xff, 0x00, 0x00, 0x00, 0x01, 0x14, 0x00, 0x00, 0x00,
  0x30, 0x00, 0x00, 0x00, 0x17, 0x00, 0x00, 0x00, 0x00, 0x00, 0x00, 0x09,
  0x50, 0x00, 0x00, 0x00, 0x8c, 0xf4, 0xff, 0xff, 0x08, 0x00, 0x00, 0x00,
  0x10, 0x00, 0x00, 0x00, 0x01, 0x00, 0x00, 0x00, 0x07, 0x00, 0x00, 0x00,
  0x00, 0x00, 0x00, 0x00, 0x01, 0x00, 0x00, 0x00, 0x42, 0x98, 0xaa, 0x39,
  0x25, 0x00, 0x00, 0x00, 0x6d, 0x6f, 0x64, 0x65, 0x6c, 0x2f, 0x63, 0x6f,
  0x6e, 0x76, 0x31, 0x64, 0x5f, 0x33, 0x2f, 0x42, 0x69, 0x61, 0x73, 0x41,
  0x64, 0x64, 0x2f, 0x52, 0x65, 0x61, 0x64, 0x56, 0x61, 0x72, 0x69, 0x61,
  0x62, 0x6c, 0x65, 0x4f, 0x70, 0x00, 0x00, 0x00, 0x01, 0x00, 0x00, 0x00,
  0x18, 0x00, 0x00, 0x00, 0x8e, 0xf5, 0xff, 0xff, 0x00, 0x00, 0x00, 0x01,
  0x14, 0x00, 0x00, 0x00, 0x44, 0x01, 0x00, 0x00, 0x16, 0x00, 0x00, 0x00,
  0x00, 0x00, 0x00, 0x09, 0x54, 0x01, 0x00, 0x00, 0xfc, 0xf4, 0xff, 0xff,
  0x08, 0x00, 0x00, 0x00, 0xc8, 0x00, 0x00, 0x00, 0x18, 0x00, 0x00, 0x00,
  0x00, 0x00, 0x00, 0x00, 0x00, 0x00, 0x00, 0x00, 0x00, 0x00, 0x00, 0x00,
  0x00, 0x00, 0x00, 0x00, 0x00, 0x00, 0x00, 0x00, 0x00, 0x00, 0x00, 0x00,
  0x00, 0x00, 0x00, 0x00, 0x00, 0x00, 0x00, 0x00, 0x00, 0x00, 0x00, 0x00,
  0x00, 0x00, 0x00, 0x00, 0x00, 0x00, 0x00, 0x00, 0x00, 0x00, 0x00, 0x00,
  0x00, 0x00, 0x00, 0x00, 0x00, 0x00, 0x00, 0x00, 0x00, 0x00, 0x00, 0x00,
  0x00, 0x00, 0x00, 0x00, 0x00, 0x00, 0x00, 0x00, 0x00, 0x00, 0x00, 0x00,
  0x00, 0x00, 0x00, 0x00, 0x00, 0x00, 0x00, 0x00, 0x00, 0x00, 0x00, 0x00,
  0x00, 0x00, 0x00, 0x00, 0x00, 0x00, 0x00, 0x00, 0x00, 0x00, 0x00, 0x00,
  0x00, 0x00, 0x00, 0x00, 0x00, 0x00, 0x00, 0x00, 0x00, 0x00, 0x00, 0x00,
  0x00, 0x00, 0x00, 0x00, 0x00, 0x00, 0x00, 0x00, 0x00, 0x00, 0x00, 0x00,
  0x00, 0x00, 0x00, 0x00, 0x00, 0x00, 0x00, 0x00, 0x00, 0x00, 0x00, 0x00,
  0x00, 0x00, 0x00, 0x00, 0x00, 0x00, 0x00, 0x00, 0x00, 0x00, 0x00, 0x00,
  0x00, 0x00, 0x00, 0x00, 0x00, 0x00, 0x00, 0x00, 0x00, 0x00, 0x00, 0x00,
  0x00, 0x00, 0x00, 0x00, 0x00, 0x00, 0x00, 0x00, 0x00, 0x00, 0x00, 0x00,
  0x00, 0x00, 0x00, 0x00, 0x00, 0x00, 0x00, 0x00, 0x00, 0x00, 0x00, 0x00,
  0x00, 0x00, 0x00, 0x00, 0x00, 0x00, 0x00, 0x00, 0x00, 0x00, 0x00, 0x00,
  0x18, 0x00, 0x00, 0x00, 0x0a, 0x42, 0xf5, 0x3a, 0x6d, 0x45, 0x16, 0x3b,
  0x41, 0xc3, 0xee, 0x3a, 0x54, 0x0c, 0x00, 0x3b, 0xa3, 0x1b, 0x54, 0x3b,
  0xb8, 0xc4, 0x04, 0x3b, 0x22, 0x46, 0x40, 0x3b, 0x5e, 0x49, 0xe5, 0x3a,
  0xf2, 0x5e, 0xda, 0x3a, 0x54, 0x28, 0xf8, 0x3a, 0x3a, 0x46, 0x04, 0x3b,
  0x7e, 0x34, 0x52, 0x3b, 0x50, 0xa8, 0x1c, 0x3b, 0x77, 0x93, 0x06, 0x3b,
  0x8b, 0xf6, 0x0b, 0x3b, 0x30, 0x5d, 0xf0, 0x3a, 0x55, 0xd6, 0x06, 0x3b,
  0x8c, 0x46, 0xdf, 0x3a, 0x96, 0x0d, 0xf5, 0x3a, 0xbe, 0x68, 0xeb, 0x3a,
  0xdd, 0x42, 0xd2, 0x3a, 0xd9, 0xf0, 0x0c, 0x3b, 0x74, 0xe3, 0xdd, 0x3a,
  0x02, 0xd2, 0xde, 0x3a, 0x15, 0x00, 0x00, 0x00, 0x6d, 0x6f, 0x64, 0x65,
  0x6c, 0x2f, 0x63, 0x6f, 0x6e, 0x76, 0x31, 0x64, 0x5f, 0x34, 0x2f, 0x43,
  0x6f, 0x6e, 0x76, 0x31, 0x44, 0x00, 0x00, 0x00, 0x04, 0x00, 0x00, 0x00,
  0x18, 0x00, 0x00, 0x00, 0x01, 0x00, 0x00, 0x00, 0x03, 0x00, 0x00, 0x00,
  0x18, 0x00, 0x00, 0x00, 0x0e, 0xf7, 0xff, 0xff, 0x00, 0x00, 0x00, 0x01,
  0x14, 0x00, 0x00, 0x00, 0x30, 0x00, 0x00, 0x00, 0x15, 0x00, 0x00, 0x00,
  0x00, 0x00, 0x00, 0x09, 0x50, 0x00, 0x00, 0x00, 0x7c, 0xf6, 0xff, 0xff,
  0x08, 0x00, 0x00, 0x00, 0x10, 0x00, 0x00, 0x00, 0x01, 0x00, 0x00, 0x00,
  0x7f, 0x00, 0x00, 0x00, 0x00, 0x00, 0x00, 0x00, 0x01, 0x00, 0x00, 0x00,
  0xaf, 0xdb, 0x98, 0x39, 0x25, 0x00, 0x00, 0x00, 0x6d, 0x6f, 0x64, 0x65,
  0x6c, 0x2f, 0x63, 0x6f, 0x6e, 0x76, 0x31, 0x64, 0x5f, 0x34, 0x2f, 0x42,
  0x69, 0x61, 0x73, 0x41, 0x64, 0x64, 0x2f, 0x52, 0x65, 0x61, 0x64, 0x56,
  0x61, 0x72, 0x69, 0x61, 0x62, 0x6c, 0x65, 0x4f, 0x70, 0x00, 0x00, 0x00,
  0x01, 0x00, 0x00, 0x00, 0x18, 0x00, 0x00, 0x00, 0x7e, 0xf7, 0xff, 0xff,
  0x00, 0x00, 0x00, 0x01, 0x14, 0x00, 0x00, 0x00, 0x44, 0x01, 0x00, 0x00,
  0x14, 0x00, 0x00, 0x00, 0x00, 0x00, 0x00, 0x09, 0x54, 0x01, 0x00, 0x00,
  0xec, 0xf6, 0xff, 0xff, 0x08, 0x00, 0x00, 0x00, 0xc8, 0x00, 0x00, 0x00,
  0x18, 0x00, 0x00, 0x00, 0x00, 0x00, 0x00, 0x00, 0x00, 0x00, 0x00, 0x00,
  0x00, 0x00, 0x00, 0x00, 0x00, 0x00, 0x00, 0x00, 0x00, 0x00, 0x00, 0x00,
  0x00, 0x00, 0x00, 0x00, 0x00, 0x00, 0x00, 0x00, 0x00, 0x00, 0x00, 0x00,
  0x00, 0x00, 0x00, 0x00, 0x00, 0x00, 0x00, 0x00, 0x00, 0x00, 0x00, 0x00,
  0x00, 0x00, 0x00, 0x00, 0x00, 0x00, 0x00, 0x00, 0x00, 0x00, 0x00, 0x00,
  0x00, 0x00, 0x00, 0x00, 0x00, 0x00, 0x00, 0x00, 0x00, 0x00, 0x00, 0x00,
  0x00, 0x00, 0x00, 0x00, 0x00, 0x00, 0x00, 0x00, 0x00, 0x00, 0x00, 0x00,
  0x00, 0x00, 0x00, 0x00, 0x00, 0x00, 0x00, 0x00, 0x00, 0x00, 0x00, 0x00,
  0x00, 0x00, 0x00, 0x00, 0x00, 0x00, 0x00, 0x00, 0x00, 0x00, 0x00, 0x00,
  0x00, 0x00, 0x00, 0x00, 0x00, 0x00, 0x00, 0x00, 0x00, 0x00, 0x00, 0x00,
  0x00, 0x00, 0x00, 0x00, 0x00, 0x00, 0x00, 0x00, 0x00, 0x00, 0x00, 0x00,
  0x00, 0x00, 0x00, 0x00, 0x00, 0x00, 0x00, 0x00, 0x00, 0x00, 0x00, 0x00,
  0x00, 0x00, 0x00, 0x00, 0x00, 0x00, 0x00, 0x00, 0x00, 0x00, 0x00, 0x00,
  0x00, 0x00, 0x00, 0x00, 0x00, 0x00, 0x00, 0x00, 0x00, 0x00, 0x00, 0x00,
  0x00, 0x00, 0x00, 0x00, 0x00, 0x00, 0x00, 0x00, 0x00, 0x00, 0x00, 0x00,
  0x00, 0x00, 0x00, 0x00, 0x00, 0x00, 0x00, 0x00, 0x00, 0x00, 0x00, 0x00,
  0x00, 0x00, 0x00, 0x00, 0x18, 0x00, 0x00, 0x00, 0x54, 0x54, 0xf6, 0x3a,
  0xfa, 0xe2, 0xe2, 0x3a, 0xdc, 0xd1, 0x12, 0x3b, 0x5f, 0x95, 0x02, 0x3b,
  0xb5, 0xc8, 0x00, 0x3b, 0x43, 0x3f, 0xe3, 0x3a, 0xd7, 0x91, 0xdc, 0x3a,
  0x3d, 0xe7, 0xe8, 0x3a, 0x7e, 0x4e, 0xea, 0x3a, 0x55, 0x5a, 0x0d, 0x3b,
  0x0b, 0x73, 0x07, 0x3b, 0xb3, 0x9a, 0x0b, 0x3b, 0x8a, 0xef, 0xe8, 0x3a,
  0x87, 0x63, 0x01, 0x3b, 0x73, 0xba, 0x03, 0x3b, 0x72, 0xa0, 0xf9, 0x3a,
  0xf7, 0x73, 0xf1, 0x3a, 0x54, 0x1b, 0x0c, 0x3b, 0x4c, 0x1a, 0x00, 0x3b,
  0xf0, 0xbb, 0xfc, 0x3a, 0x2c, 0x89, 0xfb, 0x3a, 0x2f, 0x62, 0x28, 0x3b,
  0x91, 0x9a, 0xd0, 0x3a, 0xff, 0x13, 0x6a, 0x3b, 0x15, 0x00, 0x00, 0x00,
  0x6d, 0x6f, 0x64, 0x65, 0x6c, 0x2f, 0x63, 0x6f, 0x6e, 0x76, 0x31, 0x64,
  0x5f, 0x35, 0x2f, 0x43, 0x6f, 0x6e, 0x76, 0x31, 0x44, 0x00, 0x00, 0x00,
  0x04, 0x00, 0x00, 0x00, 0x18, 0x00, 0x00, 0x00, 0x01, 0x00, 0x00, 0x00,
  0x03, 0x00, 0x00, 0x00, 0x18, 0x00, 0x00, 0x00, 0xfe, 0xf8, 0xff, 0xff,
  0x00, 0x00, 0x00, 0x01, 0x14, 0x00, 0x00, 0x00, 0x30, 0x00, 0x00, 0x00,
  0x13, 0x00, 0x00, 0x00, 0x00, 0x00, 0x00, 0x09, 0x50, 0x00, 0x00, 0x00,
  0x6c, 0xf8, 0xff, 0xff, 0x08, 0x00, 0x00, 0x00, 0x10, 0x00, 0x00, 0x00,
  0x01, 0x00, 0x00, 0x00, 0x68, 0x00, 0x00, 0x00, 0x00, 0x00, 0x00, 0x00,
  0x01, 0x00, 0x00, 0x00, 0xcb, 0x3c, 0x5e, 0x39, 0x25, 0x00, 0x00, 0x00,
  0x6d, 0x6f, 0x64, 0x65, 0x6c, 0x2f, 0x63, 0x6f, 0x6e, 0x76, 0x31, 0x64,
  0x5f, 0x35, 0x2f, 0x42, 0x69, 0x61, 0x73, 0x41, 0x64, 0x64, 0x2f, 0x52,
  0x65, 0x61, 0x64, 0x56, 0x61, 0x72, 0x69, 0x61, 0x62, 0x6c, 0x65, 0x4f,
  0x70, 0x00, 0x00, 0x00, 0x01, 0x00, 0x00, 0x00, 0x18, 0x00, 0x00, 0x00,
  0x6e, 0xf9, 0xff, 0xff, 0x00, 0x00, 0x00, 0x01, 0x14, 0x00, 0x00, 0x00,
  0x44, 0x01, 0x00, 0x00, 0x12, 0x00, 0x00, 0x00, 0x00, 0x00, 0x00, 0x09,
  0x54, 0x01, 0x00, 0x00, 0xdc, 0xf8, 0xff, 0xff, 0x08, 0x00, 0x00, 0x00,
  0xc8, 0x00, 0x00, 0x00, 0x18, 0x00, 0x00, 0x00, 0x00, 0x00, 0x00, 0x00,
  0x00, 0x00, 0x00, 0x00, 0x00, 0x00, 0x00, 0x00, 0x00, 0x00, 0x00, 0x00,
  0x00, 0x00, 0x00, 0x00, 0x00, 0x00, 0x00, 0x00, 0x00, 0x00, 0x00, 0x00,
  0x00, 0x00, 0x00, 0x00, 0x00, 0x00, 0x00, 0x00, 0x00, 0x00, 0x00, 0x00,
  0x00, 0x00, 0x00, 0x00, 0x00, 0x00, 0x00, 0x00, 0x00, 0x00, 0x00, 0x00,
  0x00, 0x00, 0x00, 0x00, 0x00, 0x00, 0x00, 0x00, 0x00, 0x00, 0x00, 0x00,
  0x00, 0x00, 0x00, 0x00, 0x00, 0x00, 0x00, 0x00, 0x00, 0x00, 0x00, 0x00,
  0x00, 0x00, 0x00, 0x00, 0x00, 0x00, 0x00, 0x00, 0x00, 0x00, 0x00, 0x00,
  0x00, 0x00, 0x00, 0x00, 0x00, 0x00, 0x00, 0x00, 0x00, 0x00, 0x00, 0x00,
  0x00, 0x00, 0x00, 0x00, 0x00, 0x00, 0x00, 0x00, 0x00, 0x00, 0x00, 0x00,
  0x00, 0x00, 0x00, 0x00, 0x00, 0x00, 0x00, 0x00, 0x00, 0x00, 0x00, 0x00,
  0x00, 0x00, 0x00, 0x00, 0x00, 0x00, 0x00, 0x00, 0x00, 0x00, 0x00, 0x00,
  0x00, 0x00, 0x00, 0x00, 0x00, 0x00, 0x00, 0x00, 0x00, 0x00, 0x00, 0x00,
  0x00, 0x00, 0x00, 0x00, 0x00, 0x00, 0x00, 0x00, 0x00, 0x00, 0x00, 0x00,
  0x00, 0x00, 0x00, 0x00, 0x00, 0x00, 0x00, 0x00, 0x00, 0x00, 0x00, 0x00,
  0x00, 0x00, 0x00, 0x00, 0x00, 0x00, 0x00, 0x00, 0x00, 0x00, 0x00, 0x00,
  0x00, 0x00, 0x00, 0x00, 0x00, 0x00, 0x00, 0x00, 0x18, 0x00, 0x00, 0x00,
  0xed, 0x1c, 0xe6, 0x3a, 0xa3, 0x20, 0x10, 0x3b, 0x43, 0x0f, 0x0d, 0x3b,
  0x22, 0x63, 0xef, 0x3a, 0x8c, 0x83, 0xf0, 0x3a, 0xb2, 0xfe, 0xfb, 0x3a,
  0x34, 0x9f, 0x60, 0x3b, 0x86, 0x57, 0x01, 0x3b, 0x9b, 0x92, 0x48, 0x3b,
  0x1b, 0xd5, 0x31, 0x3b, 0x2e, 0x2a, 0x52, 0x3b, 0x8f, 0xf3, 0xee, 0x3a,
  0x1f, 0x4f, 0xee, 0x3a, 0xda, 0x78, 0xfd, 0x3a, 0x44, 0x6e, 0xea, 0x3a,
  0x7b, 0x01, 0xf1, 0x3a, 0x63, 0xa6, 0x19, 0x3b, 0xad, 0xa2, 0xef, 0x3a,
  0xa8, 0xda, 0x11, 0x3b, 0x57, 0x44, 0xed, 0x3a, 0xff, 0x1a, 0xd9, 0x3a,
  0xb5, 0x04, 0x04, 0x3b, 0x8a, 0xeb, 0x3b, 0x3b, 0xbb, 0x56, 0x05, 0x3b,
  0x16, 0x00, 0x00, 0x00, 0x6d, 0x6f, 0x64, 0x65, 0x6c, 0x2f, 0x63, 0x6f,
  0x6e, 0x76, 0x31, 0x64, 0x5f, 0x36, 0x2f, 0x43, 0x6f, 0x6e, 0x76, 0x31,
  0x44, 0x31, 0x00, 0x00, 0x04, 0x00, 0x00, 0x00, 0x18, 0x00, 0x00, 0x00,
  0x01, 0x00, 0x00, 0x00, 0x03, 0x00, 0x00, 0x00, 0x18, 0x00, 0x00, 0x00,
  0xee, 0xfa, 0xff, 0xff, 0x00, 0x00, 0x00, 0x01, 0x14, 0x00, 0x00, 0x00,
  0x30, 0x00, 0x00, 0x00, 0x11, 0x00, 0x00, 0x00, 0x00, 0x00, 0x00, 0x09,
  0x50, 0x00, 0x00, 0x00, 0x5c, 0xfa, 0xff, 0xff, 0x08, 0x00, 0x00, 0x00,
  0x10, 0x00, 0x00, 0x00, 0x01, 0x00, 0x00, 0x00, 0x3f, 0x00, 0x00, 0x00,
  0x00, 0x00, 0x00, 0x00, 0x01, 0x00, 0x00, 0x00, 0x88, 0x1f, 0x06, 0x3a,
  0x25, 0x00, 0x00, 0x00, 0x6d, 0x6f, 0x64, 0x65, 0x6c, 0x2f, 0x63, 0x6f,
  0x6e, 0x76, 0x31, 0x64, 0x5f, 0x36, 0x2f, 0x42, 0x69, 0x61, 0x73, 0x41,
  0x64, 0x64, 0x2f, 0x52, 0x65, 0x61, 0x64, 0x56, 0x61, 0x72, 0x69, 0x61,
  0x62, 0x6c, 0x65, 0x4f, 0x70, 0x00, 0x00, 0x00, 0x01, 0x00, 0x00, 0x00,
  0x18, 0x00, 0x00, 0x00, 0x5e, 0xfb, 0xff, 0xff, 0x00, 0x00, 0x00, 0x01,
  0x14, 0x00, 0x00, 0x00, 0x30, 0x00, 0x00, 0x00, 0x10, 0x00, 0x00, 0x00,
  0x00, 0x00, 0x00, 0x09, 0x3c, 0x00, 0x00, 0x00, 0xcc, 0xfa, 0xff, 0xff,
  0x08, 0x00, 0x00, 0x00, 0x10, 0x00, 0x00, 0x00, 0x01, 0x00, 0x00, 0x00,
  0x00, 0x00, 0x00, 0x00, 0x00, 0x00, 0x00, 0x00, 0x01, 0x00, 0x00, 0x00,
  0x4f, 0x46, 0x78, 0x3b, 0x12, 0x00, 0x00, 0x00, 0x6d, 0x6f, 0x64, 0x65,
  0x6c, 0x2f, 0x64, 0x65, 0x6e, 0x73, 0x65, 0x2f, 0x4d, 0x61, 0x74, 0x4d,
  0x75, 0x6c, 0x00, 0x00, 0x02, 0x00, 0x00, 0x00, 0x01, 0x00, 0x00, 0x00,
  0x18, 0x00, 0x00, 0x00, 0xbe, 0xfb, 0xff, 0xff, 0x00, 0x00, 0x00, 0x01,
  0x14, 0x00, 0x00, 0x00, 0x30, 0x00, 0x00, 0x00, 0x0f, 0x00, 0x00, 0x00,
  0x00, 0x00, 0x00, 0x02, 0x4c, 0x00, 0x00, 0x00, 0x2c, 0xfb, 0xff, 0xff,
  0x08, 0x00, 0x00, 0x00, 0x10, 0x00, 0x00, 0x00, 0x01, 0x00, 0x00, 0x00,
  0x00, 0x00, 0x00, 0x00, 0x00, 0x00, 0x00, 0x00, 0x01, 0x00, 0x00, 0x00,
  0xd7, 0x84, 0xab, 0x37, 0x22, 0x00, 0x00, 0x00, 0x6d, 0x6f, 0x64, 0x65,
  0x6c, 0x2f, 0x64, 0x65, 0x6e, 0x73, 0x65, 0x2f, 0x42, 0x69, 0x61, 0x73,
  0x41, 0x64, 0x64, 0x2f, 0x52, 0x65, 0x61, 0x64, 0x56, 0x61, 0x72, 0x69,
  0x61, 0x62, 0x6c, 0x65, 0x4f, 0x70, 0x00, 0x00, 0x01, 0x00, 0x00, 0x00,
  0x01, 0x00, 0x00, 0x00, 0x2a, 0xfc, 0xff, 0xff, 0x00, 0x00, 0x00, 0x01,
  0x14, 0x00, 0x00, 0x00, 0x14, 0x00, 0x00, 0x00, 0x0e, 0x00, 0x00, 0x00,
  0x00, 0x00, 0x00, 0x02, 0x30, 0x00, 0x00, 0x00, 0x14, 0xfc, 0xff, 0xff,
  0x22, 0x00, 0x00, 0x00, 0x6d, 0x6f, 0x64, 0x65, 0x6c, 0x2f, 0x6c, 0x61,
  0x6d, 0x62, 0x64, 0x61, 0x2f, 0x73, 0x74, 0x72, 0x69, 0x64, 0x65, 0x64,
  0x5f, 0x73, 0x6c, 0x69, 0x63, 0x65, 0x2f, 0x73, 0x74, 0x61, 0x63, 0x6b,
  0x5f, 0x32, 0x00, 0x00, 0x01, 0x00, 0x00, 0x00, 0x03, 0x00, 0x00, 0x00,
  0x7a, 0xfc, 0xff, 0xff, 0x00, 0x00, 0x00, 0x01, 0x14, 0x00, 0x00, 0x00,
  0x14, 0x00, 0x00, 0x00, 0x0d, 0x00, 0x00, 0x00, 0x00, 0x00, 0x00, 0x02,
  0x30, 0x00, 0x00, 0x00, 0x64, 0xfc, 0xff, 0xff, 0x22, 0x00, 0x00, 0x00,
  0x6d, 0x6f, 0x64, 0x65, 0x6c, 0x2f, 0x6c, 0x61, 0x6d, 0x62, 0x64, 0x61,
  0x2f, 0x73, 0x74, 0x72, 0x69, 0x64, 0x65, 0x64, 0x5f, 0x73, 0x6c, 0x69,
  0x63, 0x65, 0x2f, 0x73, 0x74, 0x61, 0x63, 0x6b, 0x5f, 0x31, 0x00, 0x00,
  0x01, 0x00, 0x00, 0x00, 0x03, 0x00, 0x00, 0x00, 0xca, 0xfc, 0xff, 0xff,
  0x00, 0x00, 0x00, 0x01, 0x14, 0x00, 0x00, 0x00, 0x14, 0x00, 0x00, 0x00,
  0x0c, 0x00, 0x00, 0x00, 0x00, 0x00, 0x00, 0x02, 0x30, 0x00, 0x00, 0x00,
  0xb4, 0xfc, 0xff, 0xff, 0x20, 0x00, 0x00, 0x00, 0x6d, 0x6f, 0x64, 0x65,
  0x6c, 0x2f, 0x6c, 0x61, 0x6d, 0x62, 0x64, 0x61, 0x2f, 0x73, 0x74, 0x72,
  0x69, 0x64, 0x65, 0x64, 0x5f, 0x73, 0x6c, 0x69, 0x63, 0x65, 0x2f, 0x73,
  0x74, 0x61, 0x63, 0x6b, 0x00, 0x00, 0x00, 0x00, 0x01, 0x00, 0x00, 0x00,
  0x03, 0x00, 0x00, 0x00, 0x1a, 0xfd, 0xff, 0xff, 0x00, 0x00, 0x00, 0x01,
  0x14, 0x00, 0x00, 0x00, 0x14, 0x00, 0x00, 0x00, 0x0b, 0x00, 0x00, 0x00,
  0x00, 0x00, 0x00, 0x02, 0x2c, 0x00, 0x00, 0x00, 0x04, 0xfd, 0xff, 0xff,
  0x1d, 0x00, 0x00, 0x00, 0x6d, 0x6f, 0x64, 0x65, 0x6c, 0x2f, 0x63, 0x6f,
  0x6e, 0x76, 0x31, 0x64, 0x5f, 0x36, 0x2f, 0x43, 0x6f, 0x6e, 0x76, 0x31,
  0x44, 0x2f, 0x53, 0x71, 0x75, 0x65, 0x65, 0x7a, 0x65, 0x00, 0x00, 0x00,
  0x01, 0x00, 0x00, 0x00, 0x03, 0x00, 0x00, 0x00, 0x66, 0xfd, 0xff, 0xff,
  0x00, 0x00, 0x00, 0x01, 0x14, 0x00, 0x00, 0x00, 0x14, 0x00, 0x00, 0x00,
  0x0a, 0x00, 0x00, 0x00, 0x00, 0x00, 0x00, 0x02, 0x40, 0x00, 0x00, 0x00,
  0x50, 0xfd, 0xff, 0xff, 0x30, 0x00, 0x00, 0x00, 0x6d, 0x6f, 0x64, 0x65,
  0x6c, 0x2f, 0x63, 0x6f, 0x6e, 0x76, 0x31, 0x64, 0x5f, 0x35, 0x2f, 0x43,
  0x6f, 0x6e, 0x76, 0x31, 0x44, 0x2f, 0x42, 0x61, 0x74, 0x63, 0x68, 0x54,
  0x6f, 0x53, 0x70, 0x61, 0x63, 0x65, 0x4e, 0x44, 0x2f, 0x62, 0x6c, 0x6f,
  0x63, 0x6b, 0x5f, 0x73, 0x68, 0x61, 0x70, 0x65, 0x00, 0x00, 0x00, 0x00,
  0x01, 0x00, 0x00, 0x00, 0x01, 0x00, 0x00, 0x00, 0xc6, 0xfd, 0xff, 0xff,
  0x00, 0x00, 0x00, 0x01, 0x14, 0x00, 0x00, 0x00, 0x14, 0x00, 0x00, 0x00,
  0x09, 0x00, 0x00, 0x00, 0x00, 0x00, 0x00, 0x02, 0x28, 0x00, 0x00, 0x00,
  0xb0, 0xfd, 0xff, 0xff, 0x1b, 0x00, 0x00, 0x00, 0x6d, 0x6f, 0x64, 0x65,
  0x6c, 0x2f, 0x63, 0x6f, 0x6e, 0x76, 0x31, 0x64, 0x5f, 0x35, 0x2f, 0x50,
  0x61, 0x64, 0x2f, 0x70, 0x61, 0x64, 0x64, 0x69, 0x6e, 0x67, 0x73, 0x00,
  0x02, 0x00, 0x00, 0x00, 0x03, 0x00, 0x00, 0x00, 0x02, 0x00, 0x00, 0x00,
  0x12, 0xfe, 0xff, 0xff, 0x00, 0x00, 0x00, 0x01, 0x14, 0x00, 0x00, 0x00,
  0x14, 0x00, 0x00, 0x00, 0x08, 0x00, 0x00, 0x00, 0x00, 0x00, 0x00, 0x02,
  0x2c, 0x00, 0x00, 0x00, 0xfc, 0xfd, 0xff, 0xff, 0x1d, 0x00, 0x00, 0x00,
  0x6d, 0x6f, 0x64, 0x65, 0x6c, 0x2f, 0x63, 0x6f, 0x6e, 0x76, 0x31, 0x64,
  0x5f, 0x34, 0x2f, 0x43, 0x6f, 0x6e, 0x76, 0x31, 0x44, 0x2f, 0x53, 0x71,
  0x75, 0x65, 0x65, 0x7a, 0x65, 0x00, 0x00, 0x00, 0x01, 0x00, 0x00, 0x00,
  0x03, 0x00, 0x00, 0x00, 0x5e, 0xfe, 0xff, 0xff, 0x00, 0x00, 0x00, 0x01,
  0x14, 0x00, 0x00, 0x00, 0x14, 0x00, 0x00, 0x00, 0x07, 0x00, 0x00, 0x00,
  0x00, 0x00, 0x00, 0x02, 0x38, 0x00, 0x00, 0x00, 0x48, 0xfe, 0xff, 0xff,
  0x2a, 0x00, 0x00, 0x00, 0x6d, 0x6f, 0x64, 0x65, 0x6c, 0x2f, 0x63, 0x6f,
  0x6e, 0x76, 0x31, 0x64, 0x5f, 0x33, 0x2f, 0x43, 0x6f, 0x6e, 0x76, 0x31,
  0x44, 0x2f, 0x42, 0x61, 0x74, 0x63, 0x68, 0x54, 0x6f, 0x53, 0x70, 0x61,
  0x63, 0x65, 0x4e, 0x44, 0x2f, 0x63, 0x72, 0x6f, 0x70, 0x73, 0x00, 0x00,
  0x02, 0x00, 0x00, 0x00, 0x01, 0x00, 0x00, 0x00, 0x02, 0x00, 0x00, 0x00,
  0xba, 0xfe, 0xff, 0xff, 0x00, 0x00, 0x00, 0x01, 0x14, 0x00, 0x00, 0x00,
  0x14, 0x00, 0x00, 0x00, 0x06, 0x00, 0x00, 0x00, 0x00, 0x00, 0x00, 0x02,
  0x40, 0x00, 0x00, 0x00, 0xa4, 0xfe, 0xff, 0xff, 0x30, 0x00, 0x00, 0x00,
  0x6d, 0x6f, 0x64, 0x65, 0x6c, 0x2f, 0x63, 0x6f, 0x6e, 0x76, 0x31, 0x64,
  0x5f, 0x33, 0x2f, 0x43, 0x6f, 0x6e, 0x76, 0x31, 0x44, 0x2f, 0x42, 0x61,
  0x74, 0x63, 0x68, 0x54, 0x6f, 0x53, 0x70, 0x61, 0x63, 0x65, 0x4e, 0x44,
  0x2f, 0x62, 0x6c, 0x6f, 0x63, 0x6b, 0x5f, 0x73, 0x68, 0x61, 0x70, 0x65,
  0x00, 0x00, 0x00, 0x00, 0x01, 0x00, 0x00, 0x00, 0x01, 0x00, 0x00, 0x00,
  0x1a, 0xff, 0xff, 0xff, 0x00, 0x00, 0x00, 0x01, 0x14, 0x00, 0x00, 0x00,
  0x14, 0x00, 0x00, 0x00, 0x05, 0x00, 0x00, 0x00, 0x00, 0x00, 0x00, 0x02,
  0x28, 0x00, 0x00, 0x00, 0x04, 0xff, 0xff, 0xff, 0x1b, 0x00, 0x00, 0x00,
  0x6d, 0x6f, 0x64, 0x65, 0x6c, 0x2f, 0x63, 0x6f, 0x6e, 0x76, 0x31, 0x64,
  0x5f, 0x33, 0x2f, 0x50, 0x61, 0x64, 0x2f, 0x70, 0x61, 0x64, 0x64, 0x69,
  0x6e, 0x67, 0x73, 0x00, 0x02, 0x00, 0x00, 0x00, 0x03, 0x00, 0x00, 0x00,
  0x02, 0x00, 0x00, 0x00, 0x66, 0xff, 0xff, 0xff, 0x00, 0x00, 0x00, 0x01,
  0x14, 0x00, 0x00, 0x00, 0x14, 0x00, 0x00, 0x00, 0x04, 0x00, 0x00, 0x00,
  0x00, 0x00, 0x00, 0x02, 0x28, 0x00, 0x00, 0x00, 0x50, 0xff, 0xff, 0xff,
  0x1b, 0x00, 0x00, 0x00, 0x6d, 0x6f, 0x64, 0x65, 0x6c, 0x2f, 0x63, 0x6f,
  0x6e, 0x76, 0x31, 0x64, 0x5f, 0x31, 0x2f, 0x50, 0x61, 0x64, 0x2f, 0x70,
  0x61, 0x64, 0x64, 0x69, 0x6e, 0x67, 0x73, 0x00, 0x02, 0x00, 0x00, 0x00,
  0x03, 0x00, 0x00, 0x00, 0x02, 0x00, 0x00, 0x00, 0xb2, 0xff, 0xff, 0xff,
  0x00, 0x00, 0x00, 0x01, 0x14, 0x00, 0x00, 0x00, 0x14, 0x00, 0x00, 0x00,
  0x03, 0x00, 0x00, 0x00, 0x00, 0x00, 0x00, 0x02, 0x2c, 0x00, 0x00, 0x00,
  0x9c, 0xff, 0xff, 0xff, 0x1d, 0x00, 0x00, 0x00, 0x6d, 0x6f, 0x64, 0x65,
  0x6c, 0x2f, 0x63, 0x6f, 0x6e, 0x76, 0x31, 0x64, 0x5f, 0x32, 0x2f, 0x43,
  0x6f, 0x6e, 0x76, 0x31, 0x44, 0x2f, 0x53, 0x71, 0x75, 0x65, 0x65, 0x7a,
  0x65, 0x00, 0x00, 0x00, 0x01, 0x00, 0x00, 0x00, 0x03, 0x00, 0x00, 0x00,
  0x00, 0x00, 0x16, 0x00, 0x1c, 0x00, 0x18, 0x00, 0x17, 0x00, 0x10, 0x00,
  0x0c, 0x00, 0x08, 0x00, 0x00, 0x00, 0x00, 0x00, 0x00, 0x00, 0x07, 0x00,
  0x16, 0x00, 0x00, 0x00, 0x00, 0x00, 0x00, 0x01, 0x18, 0x00, 0x00, 0x00,
  0x18, 0x00, 0x00, 0x00, 0x02, 0x00, 0x00, 0x00, 0x00, 0x00, 0x00, 0x02,
  0x34, 0x00, 0x00, 0x00, 0x04, 0x00, 0x04, 0x00, 0x04, 0x00, 0x00, 0x00,
  0x22, 0x00, 0x00, 0x00, 0x6d, 0x6f, 0x64, 0x65, 0x6c, 0x2f, 0x63, 0x6f,
  0x6e, 0x76, 0x31, 0x64, 0x2f, 0x43, 0x6f, 0x6e, 0x76, 0x31, 0x44, 0x2f,
  0x45, 0x78, 0x70, 0x61, 0x6e, 0x64, 0x44, 0x69, 0x6d, 0x73, 0x2f, 0x64,
  0x69, 0x6d, 0x00, 0x00, 0x00, 0x00, 0x00, 0x00, 0x00, 0x00, 0x16, 0x00,
  0x20, 0x00, 0x1c, 0x00, 0x1b, 0x00, 0x14, 0x00, 0x10, 0x00, 0x0c, 0x00,
  0x00, 0x00, 0x00, 0x00, 0x08, 0x00, 0x07, 0x00, 0x16, 0x00, 0x00, 0x00,
  0x00, 0x00, 0x00, 0x01, 0x18, 0x00, 0x00, 0x00, 0x30, 0x00, 0x00, 0x00,
  0x50, 0x00, 0x00, 0x00, 0x01, 0x00, 0x00, 0x00, 0x00, 0x00, 0x00, 0x09,
  0x64, 0x00, 0x00, 0x00, 0x03, 0x00, 0x00, 0x00, 0xff, 0xff, 0xff, 0xff,
  0x18, 0x00, 0x00, 0x00, 0x09, 0x00, 0x00, 0x00, 0x0c, 0x00, 0x0c, 0x00,
  0x00, 0x00, 0x00, 0x00, 0x08, 0x00, 0x04, 0x00, 0x0c, 0x00, 0x00, 0x00,
  0x08, 0x00, 0x00, 0x00, 0x14, 0x00, 0x00, 0x00, 0x01, 0x00, 0x00, 0x00,
  0x80, 0xff, 0xff, 0xff, 0xff, 0xff, 0xff, 0xff, 0x00, 0x00, 0x00, 0x00,
  0x01, 0x00, 0x00, 0x00, 0xa6, 0xe0, 0x7d, 0x3b, 0x19, 0x00, 0x00, 0x00,
  0x73, 0x65, 0x72, 0x76, 0x69, 0x6e, 0x67, 0x5f, 0x64, 0x65, 0x66, 0x61,
  0x75, 0x6c, 0x74, 0x5f, 0x69, 0x6e, 0x70, 0x75, 0x74, 0x5f, 0x31, 0x3a,
  0x30, 0x00, 0x00, 0x00, 0x03, 0x00, 0x00, 0x00, 0x01, 0x00, 0x00, 0x00,
  0x18, 0x00, 0x00, 0x00, 0x09, 0x00, 0x00, 0x00, 0x09, 0x00, 0x00, 0x00,
  0xc4, 0x00, 0x00, 0x00, 0xa4, 0x00, 0x00, 0x00, 0x88, 0x00, 0x00, 0x00,
  0x74, 0x00, 0x00, 0x00, 0x68, 0x00, 0x00, 0x00, 0x4c, 0x00, 0x00, 0x00,
  0x2c, 0x00, 0x00, 0x00, 0x18, 0x00, 0x00, 0x00, 0x04, 0x00, 0x00, 0x00,
  0x88, 0xff, 0xff, 0xff, 0x09, 0x00, 0x00, 0x00, 0x04, 0x00, 0x00, 0x00,
  0x00, 0x00, 0x00, 0x09, 0x98, 0xff, 0xff, 0xff, 0x2d, 0x00, 0x00, 0x00,
  0x02, 0x00, 0x00, 0x00, 0x00, 0x00, 0x00, 0x2d, 0xa8, 0xff, 0xff, 0xff,
  0x25, 0x00, 0x00, 0x00, 0x03, 0x00, 0x00, 0x00, 0x00, 0x00, 0x00, 0x25,
  0x0c, 0x00, 0x0e, 0x00, 0x0d, 0x00, 0x00, 0x00, 0x08, 0x00, 0x04, 0x00,
  0x0c, 0x00, 0x00, 0x00, 0x26, 0x00, 0x00, 0x00, 0x03, 0x00, 0x00, 0x00,
  0x00, 0x26, 0x0a, 0x00, 0x08, 0x00, 0x00, 0x00, 0x00, 0x00, 0x04, 0x00,
  0x0a, 0x00, 0x00, 0x00, 0x02, 0x00, 0x00, 0x00, 0xe4, 0xff, 0xff, 0xff,
  0x22, 0x00, 0x00, 0x00, 0x02, 0x00, 0x00, 0x00, 0x00, 0x00, 0x00, 0x22,
  0xd8, 0xff, 0xff, 0xff, 0x16, 0x00, 0x00, 0x00, 0x00, 0x00, 0x00, 0x16,
  0x0c, 0x00, 0x10, 0x00, 0x0f, 0x00, 0x00, 0x00, 0x08, 0x00, 0x04, 0x00,
  0x0c, 0x00, 0x00, 0x00, 0x03, 0x00, 0x00, 0x00, 0x03, 0x00, 0x00, 0x00,
  0x00, 0x00, 0x00, 0x03, 0x0c, 0x00, 0x0c, 0x00, 0x0b, 0x00, 0x00, 0x00,
  0x00, 0x00, 0x04, 0x00, 0x0c, 0x00, 0x00, 0x00, 0x46, 0x00, 0x00, 0x00,
  0x00, 0x00, 0x00, 0x46
};
unsigned int tcn_model_quant_9_features_tflite_len = 29656;
